#pragma once
/*
    #version:1# (machine generated, don't edit!)

    Generated by sokol-shdc (https://github.com/floooh/sokol-tools)

    Cmdline:
        sokol-shdc -i ps1.glsl -o ps1.glsl.h -l glsl410:glsl300es:hlsl5:metal_macos:metal_ios:metal_sim

    Overview:
    =========
    Shader program: 'blit':
        Get shader desc: blit_shader_desc(sg_query_backend());
        Vertex Shader: blit_vs
        Fragment Shader: blit_fs
        Attributes:
            ATTR_blit_bpos => 0
    Shader program: 'ps1':
        Get shader desc: ps1_shader_desc(sg_query_backend());
        Vertex Shader: vs
        Fragment Shader: fs
        Attributes:
            ATTR_ps1_pos => 0
            ATTR_ps1_nrm => 1
            ATTR_ps1_texcoord0 => 2
    Bindings:
        Uniform block 'blit_params':
            C struct: blit_params_t
            Bind slot: UB_blit_params => 0
        Uniform block 'vs_params':
            C struct: vs_params_t
            Bind slot: UB_vs_params => 0
        Uniform block 'fs_params':
            C struct: fs_params_t
            Bind slot: UB_fs_params => 1
        Texture 'btex':
            Image type: SG_IMAGETYPE_2D
            Sample type: SG_IMAGESAMPLETYPE_FLOAT
            Multisampled: false
            Bind slot: VIEW_btex => 0
        Texture 'tex':
            Image type: SG_IMAGETYPE_2D
            Sample type: SG_IMAGESAMPLETYPE_FLOAT
            Multisampled: false
            Bind slot: VIEW_tex => 0
        Sampler 'bsmp':
            Type: SG_SAMPLERTYPE_FILTERING
            Bind slot: SMP_bsmp => 0
        Sampler 'smp':
            Type: SG_SAMPLERTYPE_FILTERING
            Bind slot: SMP_smp => 0
*/
#if !defined(SOKOL_GFX_INCLUDED)
#error "Please include sokol_gfx.h before ps1.glsl.h"
#endif
#if !defined(SOKOL_SHDC_ALIGN)
#if defined(_MSC_VER)
#define SOKOL_SHDC_ALIGN(a) __declspec(align(a))
#else
#define SOKOL_SHDC_ALIGN(a) __attribute__((aligned(a)))
#endif
#endif
#define ATTR_blit_bpos (0)
#define ATTR_ps1_pos (0)
#define ATTR_ps1_nrm (1)
#define ATTR_ps1_texcoord0 (2)
#define UB_blit_params (0)
#define UB_vs_params (0)
#define UB_fs_params (1)
#define VIEW_btex (0)
#define VIEW_tex (0)
#define SMP_bsmp (0)
#define SMP_smp (0)
#pragma pack(push,1)
SOKOL_SHDC_ALIGN(16) typedef struct blit_params_t {
    float flip[4];
} blit_params_t;
#pragma pack(pop)
#pragma pack(push,1)
SOKOL_SHDC_ALIGN(16) typedef struct vs_params_t {
    float mvp[16];
    float mv[16];
    float color[4];
    float rot_rep[4];
    float res_flags[4];
    float fog[4];
} vs_params_t;
#pragma pack(pop)
#pragma pack(push,1)
SOKOL_SHDC_ALIGN(16) typedef struct fs_params_t {
    float fog_color[4];
} fs_params_t;
#pragma pack(pop)
/*
    #version 410

    uniform vec4 vs_params[12];
    layout(location = 0) in vec3 pos;
    layout(location = 1) in vec3 nrm;
    layout(location = 2) out vec3 shade;
    layout(location = 0) out vec2 uv_w;
    layout(location = 2) in vec2 texcoord0;
    layout(location = 1) out float w_out;
    layout(location = 3) out float fog_f;

    void main()
    {
        vec4 _27 = vec4(pos, 1.0);
        vec4 clip = mat4(vs_params[0], vs_params[1], vs_params[2], vs_params[3]) * _27;
        if (vs_params[10].z > 0.5)
        {
            vec2 _47 = vs_params[10].xy * 0.5;
            vec4 _48 = clip;
            vec2 _65 = (floor(((_48.xy / vec2(_48.w)) * _47) + vec2(0.5)) / _47) * _48.w;
            vec4 _185 = _48;
            _185.x = _65.x;
            _185.y = _65.y;
            clip = _185;
        }
        gl_Position = clip;
        shade = vs_params[8].xyz * mix(vec3(0.4199999868869781494140625, 0.439999997615814208984375, 0.550000011920928955078125), vec3(1.0499999523162841796875), vec3(max(dot(normalize(vec3((vs_params[9].x * nrm.x) + (vs_params[9].y * nrm.z), nrm.y, ((-vs_params[9].y) * nrm.x) + (vs_params[9].x * nrm.z))), vec3(0.4319342076778411865234375, 0.863868415355682373046875, 0.259160518646240234375)), 0.0)));
        float _143 = mix(1.0, clip.w, vs_params[10].w);
        uv_w = (texcoord0 * vs_params[9].z) * _143;
        w_out = _143;
        fog_f = clamp(((-(mat4(vs_params[4], vs_params[5], vs_params[6], vs_params[7]) * _27).z) - vs_params[11].x) / (vs_params[11].y - vs_params[11].x), 0.0, 1.0);
    }

*/
static const uint8_t vs_source_glsl410[1429] = {
    0x23,0x76,0x65,0x72,0x73,0x69,0x6f,0x6e,0x20,0x34,0x31,0x30,0x0a,0x0a,0x75,0x6e,
    0x69,0x66,0x6f,0x72,0x6d,0x20,0x76,0x65,0x63,0x34,0x20,0x76,0x73,0x5f,0x70,0x61,
    0x72,0x61,0x6d,0x73,0x5b,0x31,0x32,0x5d,0x3b,0x0a,0x6c,0x61,0x79,0x6f,0x75,0x74,
    0x28,0x6c,0x6f,0x63,0x61,0x74,0x69,0x6f,0x6e,0x20,0x3d,0x20,0x30,0x29,0x20,0x69,
    0x6e,0x20,0x76,0x65,0x63,0x33,0x20,0x70,0x6f,0x73,0x3b,0x0a,0x6c,0x61,0x79,0x6f,
    0x75,0x74,0x28,0x6c,0x6f,0x63,0x61,0x74,0x69,0x6f,0x6e,0x20,0x3d,0x20,0x31,0x29,
    0x20,0x69,0x6e,0x20,0x76,0x65,0x63,0x33,0x20,0x6e,0x72,0x6d,0x3b,0x0a,0x6c,0x61,
    0x79,0x6f,0x75,0x74,0x28,0x6c,0x6f,0x63,0x61,0x74,0x69,0x6f,0x6e,0x20,0x3d,0x20,
    0x32,0x29,0x20,0x6f,0x75,0x74,0x20,0x76,0x65,0x63,0x33,0x20,0x73,0x68,0x61,0x64,
    0x65,0x3b,0x0a,0x6c,0x61,0x79,0x6f,0x75,0x74,0x28,0x6c,0x6f,0x63,0x61,0x74,0x69,
    0x6f,0x6e,0x20,0x3d,0x20,0x30,0x29,0x20,0x6f,0x75,0x74,0x20,0x76,0x65,0x63,0x32,
    0x20,0x75,0x76,0x5f,0x77,0x3b,0x0a,0x6c,0x61,0x79,0x6f,0x75,0x74,0x28,0x6c,0x6f,
    0x63,0x61,0x74,0x69,0x6f,0x6e,0x20,0x3d,0x20,0x32,0x29,0x20,0x69,0x6e,0x20,0x76,
    0x65,0x63,0x32,0x20,0x74,0x65,0x78,0x63,0x6f,0x6f,0x72,0x64,0x30,0x3b,0x0a,0x6c,
    0x61,0x79,0x6f,0x75,0x74,0x28,0x6c,0x6f,0x63,0x61,0x74,0x69,0x6f,0x6e,0x20,0x3d,
    0x20,0x31,0x29,0x20,0x6f,0x75,0x74,0x20,0x66,0x6c,0x6f,0x61,0x74,0x20,0x77,0x5f,
    0x6f,0x75,0x74,0x3b,0x0a,0x6c,0x61,0x79,0x6f,0x75,0x74,0x28,0x6c,0x6f,0x63,0x61,
    0x74,0x69,0x6f,0x6e,0x20,0x3d,0x20,0x33,0x29,0x20,0x6f,0x75,0x74,0x20,0x66,0x6c,
    0x6f,0x61,0x74,0x20,0x66,0x6f,0x67,0x5f,0x66,0x3b,0x0a,0x0a,0x76,0x6f,0x69,0x64,
    0x20,0x6d,0x61,0x69,0x6e,0x28,0x29,0x0a,0x7b,0x0a,0x20,0x20,0x20,0x20,0x76,0x65,
    0x63,0x34,0x20,0x5f,0x32,0x37,0x20,0x3d,0x20,0x76,0x65,0x63,0x34,0x28,0x70,0x6f,
    0x73,0x2c,0x20,0x31,0x2e,0x30,0x29,0x3b,0x0a,0x20,0x20,0x20,0x20,0x76,0x65,0x63,
    0x34,0x20,0x63,0x6c,0x69,0x70,0x20,0x3d,0x20,0x6d,0x61,0x74,0x34,0x28,0x76,0x73,
    0x5f,0x70,0x61,0x72,0x61,0x6d,0x73,0x5b,0x30,0x5d,0x2c,0x20,0x76,0x73,0x5f,0x70,
    0x61,0x72,0x61,0x6d,0x73,0x5b,0x31,0x5d,0x2c,0x20,0x76,0x73,0x5f,0x70,0x61,0x72,
    0x61,0x6d,0x73,0x5b,0x32,0x5d,0x2c,0x20,0x76,0x73,0x5f,0x70,0x61,0x72,0x61,0x6d,
    0x73,0x5b,0x33,0x5d,0x29,0x20,0x2a,0x20,0x5f,0x32,0x37,0x3b,0x0a,0x20,0x20,0x20,
    0x20,0x69,0x66,0x20,0x28,0x76,0x73,0x5f,0x70,0x61,0x72,0x61,0x6d,0x73,0x5b,0x31,
    0x30,0x5d,0x2e,0x7a,0x20,0x3e,0x20,0x30,0x2e,0x35,0x29,0x0a,0x20,0x20,0x20,0x20,
    0x7b,0x0a,0x20,0x20,0x20,0x20,0x20,0x20,0x20,0x20,0x76,0x65,0x63,0x32,0x20,0x5f,
    0x34,0x37,0x20,0x3d,0x20,0x76,0x73,0x5f,0x70,0x61,0x72,0x61,0x6d,0x73,0x5b,0x31,
    0x30,0x5d,0x2e,0x78,0x79,0x20,0x2a,0x20,0x30,0x2e,0x35,0x3b,0x0a,0x20,0x20,0x20,
    0x20,0x20,0x20,0x20,0x20,0x76,0x65,0x63,0x34,0x20,0x5f,0x34,0x38,0x20,0x3d,0x20,
    0x63,0x6c,0x69,0x70,0x3b,0x0a,0x20,0x20,0x20,0x20,0x20,0x20,0x20,0x20,0x76,0x65,
    0x63,0x32,0x20,0x5f,0x36,0x35,0x20,0x3d,0x20,0x28,0x66,0x6c,0x6f,0x6f,0x72,0x28,
    0x28,0x28,0x5f,0x34,0x38,0x2e,0x78,0x79,0x20,0x2f,0x20,0x76,0x65,0x63,0x32,0x28,
    0x5f,0x34,0x38,0x2e,0x77,0x29,0x29,0x20,0x2a,0x20,0x5f,0x34,0x37,0x29,0x20,0x2b,
    0x20,0x76,0x65,0x63,0x32,0x28,0x30,0x2e,0x35,0x29,0x29,0x20,0x2f,0x20,0x5f,0x34,
    0x37,0x29,0x20,0x2a,0x20,0x5f,0x34,0x38,0x2e,0x77,0x3b,0x0a,0x20,0x20,0x20,0x20,
    0x20,0x20,0x20,0x20,0x76,0x65,0x63,0x34,0x20,0x5f,0x31,0x38,0x35,0x20,0x3d,0x20,
    0x5f,0x34,0x38,0x3b,0x0a,0x20,0x20,0x20,0x20,0x20,0x20,0x20,0x20,0x5f,0x31,0x38,
    0x35,0x2e,0x78,0x20,0x3d,0x20,0x5f,0x36,0x35,0x2e,0x78,0x3b,0x0a,0x20,0x20,0x20,
    0x20,0x20,0x20,0x20,0x20,0x5f,0x31,0x38,0x35,0x2e,0x79,0x20,0x3d,0x20,0x5f,0x36,
    0x35,0x2e,0x79,0x3b,0x0a,0x20,0x20,0x20,0x20,0x20,0x20,0x20,0x20,0x63,0x6c,0x69,
    0x70,0x20,0x3d,0x20,0x5f,0x31,0x38,0x35,0x3b,0x0a,0x20,0x20,0x20,0x20,0x7d,0x0a,
    0x20,0x20,0x20,0x20,0x67,0x6c,0x5f,0x50,0x6f,0x73,0x69,0x74,0x69,0x6f,0x6e,0x20,
    0x3d,0x20,0x63,0x6c,0x69,0x70,0x3b,0x0a,0x20,0x20,0x20,0x20,0x73,0x68,0x61,0x64,
    0x65,0x20,0x3d,0x20,0x76,0x73,0x5f,0x70,0x61,0x72,0x61,0x6d,0x73,0x5b,0x38,0x5d,
    0x2e,0x78,0x79,0x7a,0x20,0x2a,0x20,0x6d,0x69,0x78,0x28,0x76,0x65,0x63,0x33,0x28,
    0x30,0x2e,0x34,0x31,0x39,0x39,0x39,0x39,0x39,0x38,0x36,0x38,0x38,0x36,0x39,0x37,
    0x38,0x31,0x34,0x39,0x34,0x31,0x34,0x30,0x36,0x32,0x35,0x2c,0x20,0x30,0x2e,0x34,
    0x33,0x39,0x39,0x39,0x39,0x39,0x39,0x37,0x36,0x31,0x35,0x38,0x31,0x34,0x32,0x30,
    0x38,0x39,0x38,0x34,0x33,0x37,0x35,0x2c,0x20,0x30,0x2e,0x35,0x35,0x30,0x30,0x30,
    0x30,0x30,0x31,0x31,0x39,0x32,0x30,0x39,0x32,0x38,0x39,0x35,0x35,0x30,0x37,0x38,
    0x31,0x32,0x35,0x29,0x2c,0x20,0x76,0x65,0x63,0x33,0x28,0x31,0x2e,0x30,0x34,0x39,
    0x39,0x39,0x39,0x39,0x35,0x32,0x33,0x31,0x36,0x32,0x38,0x34,0x31,0x37,0x39,0x36,
    0x38,0x37,0x35,0x29,0x2c,0x20,0x76,0x65,0x63,0x33,0x28,0x6d,0x61,0x78,0x28,0x64,
    0x6f,0x74,0x28,0x6e,0x6f,0x72,0x6d,0x61,0x6c,0x69,0x7a,0x65,0x28,0x76,0x65,0x63,
    0x33,0x28,0x28,0x76,0x73,0x5f,0x70,0x61,0x72,0x61,0x6d,0x73,0x5b,0x39,0x5d,0x2e,
    0x78,0x20,0x2a,0x20,0x6e,0x72,0x6d,0x2e,0x78,0x29,0x20,0x2b,0x20,0x28,0x76,0x73,
    0x5f,0x70,0x61,0x72,0x61,0x6d,0x73,0x5b,0x39,0x5d,0x2e,0x79,0x20,0x2a,0x20,0x6e,
    0x72,0x6d,0x2e,0x7a,0x29,0x2c,0x20,0x6e,0x72,0x6d,0x2e,0x79,0x2c,0x20,0x28,0x28,
    0x2d,0x76,0x73,0x5f,0x70,0x61,0x72,0x61,0x6d,0x73,0x5b,0x39,0x5d,0x2e,0x79,0x29,
    0x20,0x2a,0x20,0x6e,0x72,0x6d,0x2e,0x78,0x29,0x20,0x2b,0x20,0x28,0x76,0x73,0x5f,
    0x70,0x61,0x72,0x61,0x6d,0x73,0x5b,0x39,0x5d,0x2e,0x78,0x20,0x2a,0x20,0x6e,0x72,
    0x6d,0x2e,0x7a,0x29,0x29,0x29,0x2c,0x20,0x76,0x65,0x63,0x33,0x28,0x30,0x2e,0x34,
    0x33,0x31,0x39,0x33,0x34,0x32,0x30,0x37,0x36,0x37,0x37,0x38,0x34,0x31,0x31,0x38,
    0x36,0x35,0x32,0x33,0x34,0x33,0x37,0x35,0x2c,0x20,0x30,0x2e,0x38,0x36,0x33,0x38,
    0x36,0x38,0x34,0x31,0x35,0x33,0x35,0x35,0x36,0x38,0x32,0x33,0x37,0x33,0x30,0x34,
    0x36,0x38,0x37,0x35,0x2c,0x20,0x30,0x2e,0x32,0x35,0x39,0x31,0x36,0x30,0x35,0x31,
    0x38,0x36,0x34,0x36,0x32,0x34,0x30,0x32,0x33,0x34,0x33,0x37,0x35,0x29,0x29,0x2c,
    0x20,0x30,0x2e,0x30,0x29,0x29,0x29,0x3b,0x0a,0x20,0x20,0x20,0x20,0x66,0x6c,0x6f,
    0x61,0x74,0x20,0x5f,0x31,0x34,0x33,0x20,0x3d,0x20,0x6d,0x69,0x78,0x28,0x31,0x2e,
    0x30,0x2c,0x20,0x63,0x6c,0x69,0x70,0x2e,0x77,0x2c,0x20,0x76,0x73,0x5f,0x70,0x61,
    0x72,0x61,0x6d,0x73,0x5b,0x31,0x30,0x5d,0x2e,0x77,0x29,0x3b,0x0a,0x20,0x20,0x20,
    0x20,0x75,0x76,0x5f,0x77,0x20,0x3d,0x20,0x28,0x74,0x65,0x78,0x63,0x6f,0x6f,0x72,
    0x64,0x30,0x20,0x2a,0x20,0x76,0x73,0x5f,0x70,0x61,0x72,0x61,0x6d,0x73,0x5b,0x39,
    0x5d,0x2e,0x7a,0x29,0x20,0x2a,0x20,0x5f,0x31,0x34,0x33,0x3b,0x0a,0x20,0x20,0x20,
    0x20,0x77,0x5f,0x6f,0x75,0x74,0x20,0x3d,0x20,0x5f,0x31,0x34,0x33,0x3b,0x0a,0x20,
    0x20,0x20,0x20,0x66,0x6f,0x67,0x5f,0x66,0x20,0x3d,0x20,0x63,0x6c,0x61,0x6d,0x70,
    0x28,0x28,0x28,0x2d,0x28,0x6d,0x61,0x74,0x34,0x28,0x76,0x73,0x5f,0x70,0x61,0x72,
    0x61,0x6d,0x73,0x5b,0x34,0x5d,0x2c,0x20,0x76,0x73,0x5f,0x70,0x61,0x72,0x61,0x6d,
    0x73,0x5b,0x35,0x5d,0x2c,0x20,0x76,0x73,0x5f,0x70,0x61,0x72,0x61,0x6d,0x73,0x5b,
    0x36,0x5d,0x2c,0x20,0x76,0x73,0x5f,0x70,0x61,0x72,0x61,0x6d,0x73,0x5b,0x37,0x5d,
    0x29,0x20,0x2a,0x20,0x5f,0x32,0x37,0x29,0x2e,0x7a,0x29,0x20,0x2d,0x20,0x76,0x73,
    0x5f,0x70,0x61,0x72,0x61,0x6d,0x73,0x5b,0x31,0x31,0x5d,0x2e,0x78,0x29,0x20,0x2f,
    0x20,0x28,0x76,0x73,0x5f,0x70,0x61,0x72,0x61,0x6d,0x73,0x5b,0x31,0x31,0x5d,0x2e,
    0x79,0x20,0x2d,0x20,0x76,0x73,0x5f,0x70,0x61,0x72,0x61,0x6d,0x73,0x5b,0x31,0x31,
    0x5d,0x2e,0x78,0x29,0x2c,0x20,0x30,0x2e,0x30,0x2c,0x20,0x31,0x2e,0x30,0x29,0x3b,
    0x0a,0x7d,0x0a,0x0a,0x00,
};
/*
    #version 410

    uniform vec4 fs_params[1];
    uniform sampler2D tex_smp;

    layout(location = 0) in vec2 uv_w;
    layout(location = 1) in float w_out;
    layout(location = 2) in vec3 shade;
    layout(location = 3) in float fog_f;
    layout(location = 0) out vec4 frag_color;

    float b2(inout vec2 a)
    {
        a = floor(a);
        return fract((a.x * 0.5) + ((a.y * a.y) * 0.75));
    }

    float b4(vec2 a)
    {
        vec2 param = a * 0.5;
        float _40 = b2(param);
        vec2 param_1 = a;
        float _45 = b2(param_1);
        return (_40 * 0.25) + _45;
    }

    void main()
    {
        vec3 c = mix(shade * texture(tex_smp, uv_w / vec2(w_out)).xyz, fs_params[0].xyz, vec3(fog_f));
        if (fs_params[0].w > 0.5)
        {
            vec2 param = gl_FragCoord.xy;
            c = floor((c * 15.0) + vec3(b4(param))) * vec3(0.066666670143604278564453125);
        }
        frag_color = vec4(c, 1.0);
    }

*/
static const uint8_t fs_source_glsl410[829] = {
    0x23,0x76,0x65,0x72,0x73,0x69,0x6f,0x6e,0x20,0x34,0x31,0x30,0x0a,0x0a,0x75,0x6e,
    0x69,0x66,0x6f,0x72,0x6d,0x20,0x76,0x65,0x63,0x34,0x20,0x66,0x73,0x5f,0x70,0x61,
    0x72,0x61,0x6d,0x73,0x5b,0x31,0x5d,0x3b,0x0a,0x75,0x6e,0x69,0x66,0x6f,0x72,0x6d,
    0x20,0x73,0x61,0x6d,0x70,0x6c,0x65,0x72,0x32,0x44,0x20,0x74,0x65,0x78,0x5f,0x73,
    0x6d,0x70,0x3b,0x0a,0x0a,0x6c,0x61,0x79,0x6f,0x75,0x74,0x28,0x6c,0x6f,0x63,0x61,
    0x74,0x69,0x6f,0x6e,0x20,0x3d,0x20,0x30,0x29,0x20,0x69,0x6e,0x20,0x76,0x65,0x63,
    0x32,0x20,0x75,0x76,0x5f,0x77,0x3b,0x0a,0x6c,0x61,0x79,0x6f,0x75,0x74,0x28,0x6c,
    0x6f,0x63,0x61,0x74,0x69,0x6f,0x6e,0x20,0x3d,0x20,0x31,0x29,0x20,0x69,0x6e,0x20,
    0x66,0x6c,0x6f,0x61,0x74,0x20,0x77,0x5f,0x6f,0x75,0x74,0x3b,0x0a,0x6c,0x61,0x79,
    0x6f,0x75,0x74,0x28,0x6c,0x6f,0x63,0x61,0x74,0x69,0x6f,0x6e,0x20,0x3d,0x20,0x32,
    0x29,0x20,0x69,0x6e,0x20,0x76,0x65,0x63,0x33,0x20,0x73,0x68,0x61,0x64,0x65,0x3b,
    0x0a,0x6c,0x61,0x79,0x6f,0x75,0x74,0x28,0x6c,0x6f,0x63,0x61,0x74,0x69,0x6f,0x6e,
    0x20,0x3d,0x20,0x33,0x29,0x20,0x69,0x6e,0x20,0x66,0x6c,0x6f,0x61,0x74,0x20,0x66,
    0x6f,0x67,0x5f,0x66,0x3b,0x0a,0x6c,0x61,0x79,0x6f,0x75,0x74,0x28,0x6c,0x6f,0x63,
    0x61,0x74,0x69,0x6f,0x6e,0x20,0x3d,0x20,0x30,0x29,0x20,0x6f,0x75,0x74,0x20,0x76,
    0x65,0x63,0x34,0x20,0x66,0x72,0x61,0x67,0x5f,0x63,0x6f,0x6c,0x6f,0x72,0x3b,0x0a,
    0x0a,0x66,0x6c,0x6f,0x61,0x74,0x20,0x62,0x32,0x28,0x69,0x6e,0x6f,0x75,0x74,0x20,
    0x76,0x65,0x63,0x32,0x20,0x61,0x29,0x0a,0x7b,0x0a,0x20,0x20,0x20,0x20,0x61,0x20,
    0x3d,0x20,0x66,0x6c,0x6f,0x6f,0x72,0x28,0x61,0x29,0x3b,0x0a,0x20,0x20,0x20,0x20,
    0x72,0x65,0x74,0x75,0x72,0x6e,0x20,0x66,0x72,0x61,0x63,0x74,0x28,0x28,0x61,0x2e,
    0x78,0x20,0x2a,0x20,0x30,0x2e,0x35,0x29,0x20,0x2b,0x20,0x28,0x28,0x61,0x2e,0x79,
    0x20,0x2a,0x20,0x61,0x2e,0x79,0x29,0x20,0x2a,0x20,0x30,0x2e,0x37,0x35,0x29,0x29,
    0x3b,0x0a,0x7d,0x0a,0x0a,0x66,0x6c,0x6f,0x61,0x74,0x20,0x62,0x34,0x28,0x76,0x65,
    0x63,0x32,0x20,0x61,0x29,0x0a,0x7b,0x0a,0x20,0x20,0x20,0x20,0x76,0x65,0x63,0x32,
    0x20,0x70,0x61,0x72,0x61,0x6d,0x20,0x3d,0x20,0x61,0x20,0x2a,0x20,0x30,0x2e,0x35,
    0x3b,0x0a,0x20,0x20,0x20,0x20,0x66,0x6c,0x6f,0x61,0x74,0x20,0x5f,0x34,0x30,0x20,
    0x3d,0x20,0x62,0x32,0x28,0x70,0x61,0x72,0x61,0x6d,0x29,0x3b,0x0a,0x20,0x20,0x20,
    0x20,0x76,0x65,0x63,0x32,0x20,0x70,0x61,0x72,0x61,0x6d,0x5f,0x31,0x20,0x3d,0x20,
    0x61,0x3b,0x0a,0x20,0x20,0x20,0x20,0x66,0x6c,0x6f,0x61,0x74,0x20,0x5f,0x34,0x35,
    0x20,0x3d,0x20,0x62,0x32,0x28,0x70,0x61,0x72,0x61,0x6d,0x5f,0x31,0x29,0x3b,0x0a,
    0x20,0x20,0x20,0x20,0x72,0x65,0x74,0x75,0x72,0x6e,0x20,0x28,0x5f,0x34,0x30,0x20,
    0x2a,0x20,0x30,0x2e,0x32,0x35,0x29,0x20,0x2b,0x20,0x5f,0x34,0x35,0x3b,0x0a,0x7d,
    0x0a,0x0a,0x76,0x6f,0x69,0x64,0x20,0x6d,0x61,0x69,0x6e,0x28,0x29,0x0a,0x7b,0x0a,
    0x20,0x20,0x20,0x20,0x76,0x65,0x63,0x33,0x20,0x63,0x20,0x3d,0x20,0x6d,0x69,0x78,
    0x28,0x73,0x68,0x61,0x64,0x65,0x20,0x2a,0x20,0x74,0x65,0x78,0x74,0x75,0x72,0x65,
    0x28,0x74,0x65,0x78,0x5f,0x73,0x6d,0x70,0x2c,0x20,0x75,0x76,0x5f,0x77,0x20,0x2f,
    0x20,0x76,0x65,0x63,0x32,0x28,0x77,0x5f,0x6f,0x75,0x74,0x29,0x29,0x2e,0x78,0x79,
    0x7a,0x2c,0x20,0x66,0x73,0x5f,0x70,0x61,0x72,0x61,0x6d,0x73,0x5b,0x30,0x5d,0x2e,
    0x78,0x79,0x7a,0x2c,0x20,0x76,0x65,0x63,0x33,0x28,0x66,0x6f,0x67,0x5f,0x66,0x29,
    0x29,0x3b,0x0a,0x20,0x20,0x20,0x20,0x69,0x66,0x20,0x28,0x66,0x73,0x5f,0x70,0x61,
    0x72,0x61,0x6d,0x73,0x5b,0x30,0x5d,0x2e,0x77,0x20,0x3e,0x20,0x30,0x2e,0x35,0x29,
    0x0a,0x20,0x20,0x20,0x20,0x7b,0x0a,0x20,0x20,0x20,0x20,0x20,0x20,0x20,0x20,0x76,
    0x65,0x63,0x32,0x20,0x70,0x61,0x72,0x61,0x6d,0x20,0x3d,0x20,0x67,0x6c,0x5f,0x46,
    0x72,0x61,0x67,0x43,0x6f,0x6f,0x72,0x64,0x2e,0x78,0x79,0x3b,0x0a,0x20,0x20,0x20,
    0x20,0x20,0x20,0x20,0x20,0x63,0x20,0x3d,0x20,0x66,0x6c,0x6f,0x6f,0x72,0x28,0x28,
    0x63,0x20,0x2a,0x20,0x31,0x35,0x2e,0x30,0x29,0x20,0x2b,0x20,0x76,0x65,0x63,0x33,
    0x28,0x62,0x34,0x28,0x70,0x61,0x72,0x61,0x6d,0x29,0x29,0x29,0x20,0x2a,0x20,0x76,
    0x65,0x63,0x33,0x28,0x30,0x2e,0x30,0x36,0x36,0x36,0x36,0x36,0x36,0x37,0x30,0x31,
    0x34,0x33,0x36,0x30,0x34,0x32,0x37,0x38,0x35,0x36,0x34,0x34,0x35,0x33,0x31,0x32,
    0x35,0x29,0x3b,0x0a,0x20,0x20,0x20,0x20,0x7d,0x0a,0x20,0x20,0x20,0x20,0x66,0x72,
    0x61,0x67,0x5f,0x63,0x6f,0x6c,0x6f,0x72,0x20,0x3d,0x20,0x76,0x65,0x63,0x34,0x28,
    0x63,0x2c,0x20,0x31,0x2e,0x30,0x29,0x3b,0x0a,0x7d,0x0a,0x0a,0x00,
};
/*
    #version 410

    uniform vec4 blit_params[1];
    layout(location = 0) in vec2 bpos;
    layout(location = 0) out vec2 buv;

    void main()
    {
        gl_Position = vec4((bpos * 2.0) - vec2(1.0), 0.0, 1.0);
        float _47;
        if (blit_params[0].x > 0.5)
        {
            _47 = 1.0 - bpos.y;
        }
        else
        {
            _47 = bpos.y;
        }
        buv = vec2(bpos.x, _47);
    }

*/
static const uint8_t blit_vs_source_glsl410[351] = {
    0x23,0x76,0x65,0x72,0x73,0x69,0x6f,0x6e,0x20,0x34,0x31,0x30,0x0a,0x0a,0x75,0x6e,
    0x69,0x66,0x6f,0x72,0x6d,0x20,0x76,0x65,0x63,0x34,0x20,0x62,0x6c,0x69,0x74,0x5f,
    0x70,0x61,0x72,0x61,0x6d,0x73,0x5b,0x31,0x5d,0x3b,0x0a,0x6c,0x61,0x79,0x6f,0x75,
    0x74,0x28,0x6c,0x6f,0x63,0x61,0x74,0x69,0x6f,0x6e,0x20,0x3d,0x20,0x30,0x29,0x20,
    0x69,0x6e,0x20,0x76,0x65,0x63,0x32,0x20,0x62,0x70,0x6f,0x73,0x3b,0x0a,0x6c,0x61,
    0x79,0x6f,0x75,0x74,0x28,0x6c,0x6f,0x63,0x61,0x74,0x69,0x6f,0x6e,0x20,0x3d,0x20,
    0x30,0x29,0x20,0x6f,0x75,0x74,0x20,0x76,0x65,0x63,0x32,0x20,0x62,0x75,0x76,0x3b,
    0x0a,0x0a,0x76,0x6f,0x69,0x64,0x20,0x6d,0x61,0x69,0x6e,0x28,0x29,0x0a,0x7b,0x0a,
    0x20,0x20,0x20,0x20,0x67,0x6c,0x5f,0x50,0x6f,0x73,0x69,0x74,0x69,0x6f,0x6e,0x20,
    0x3d,0x20,0x76,0x65,0x63,0x34,0x28,0x28,0x62,0x70,0x6f,0x73,0x20,0x2a,0x20,0x32,
    0x2e,0x30,0x29,0x20,0x2d,0x20,0x76,0x65,0x63,0x32,0x28,0x31,0x2e,0x30,0x29,0x2c,
    0x20,0x30,0x2e,0x30,0x2c,0x20,0x31,0x2e,0x30,0x29,0x3b,0x0a,0x20,0x20,0x20,0x20,
    0x66,0x6c,0x6f,0x61,0x74,0x20,0x5f,0x34,0x37,0x3b,0x0a,0x20,0x20,0x20,0x20,0x69,
    0x66,0x20,0x28,0x62,0x6c,0x69,0x74,0x5f,0x70,0x61,0x72,0x61,0x6d,0x73,0x5b,0x30,
    0x5d,0x2e,0x78,0x20,0x3e,0x20,0x30,0x2e,0x35,0x29,0x0a,0x20,0x20,0x20,0x20,0x7b,
    0x0a,0x20,0x20,0x20,0x20,0x20,0x20,0x20,0x20,0x5f,0x34,0x37,0x20,0x3d,0x20,0x31,
    0x2e,0x30,0x20,0x2d,0x20,0x62,0x70,0x6f,0x73,0x2e,0x79,0x3b,0x0a,0x20,0x20,0x20,
    0x20,0x7d,0x0a,0x20,0x20,0x20,0x20,0x65,0x6c,0x73,0x65,0x0a,0x20,0x20,0x20,0x20,
    0x7b,0x0a,0x20,0x20,0x20,0x20,0x20,0x20,0x20,0x20,0x5f,0x34,0x37,0x20,0x3d,0x20,
    0x62,0x70,0x6f,0x73,0x2e,0x79,0x3b,0x0a,0x20,0x20,0x20,0x20,0x7d,0x0a,0x20,0x20,
    0x20,0x20,0x62,0x75,0x76,0x20,0x3d,0x20,0x76,0x65,0x63,0x32,0x28,0x62,0x70,0x6f,
    0x73,0x2e,0x78,0x2c,0x20,0x5f,0x34,0x37,0x29,0x3b,0x0a,0x7d,0x0a,0x0a,0x00,
};
/*
    #version 410

    uniform sampler2D btex_bsmp;

    layout(location = 0) out vec4 frag_color;
    layout(location = 0) in vec2 buv;

    void main()
    {
        frag_color = vec4(texture(btex_bsmp, buv).xyz, 1.0);
    }

*/
static const uint8_t blit_fs_source_glsl410[196] = {
    0x23,0x76,0x65,0x72,0x73,0x69,0x6f,0x6e,0x20,0x34,0x31,0x30,0x0a,0x0a,0x75,0x6e,
    0x69,0x66,0x6f,0x72,0x6d,0x20,0x73,0x61,0x6d,0x70,0x6c,0x65,0x72,0x32,0x44,0x20,
    0x62,0x74,0x65,0x78,0x5f,0x62,0x73,0x6d,0x70,0x3b,0x0a,0x0a,0x6c,0x61,0x79,0x6f,
    0x75,0x74,0x28,0x6c,0x6f,0x63,0x61,0x74,0x69,0x6f,0x6e,0x20,0x3d,0x20,0x30,0x29,
    0x20,0x6f,0x75,0x74,0x20,0x76,0x65,0x63,0x34,0x20,0x66,0x72,0x61,0x67,0x5f,0x63,
    0x6f,0x6c,0x6f,0x72,0x3b,0x0a,0x6c,0x61,0x79,0x6f,0x75,0x74,0x28,0x6c,0x6f,0x63,
    0x61,0x74,0x69,0x6f,0x6e,0x20,0x3d,0x20,0x30,0x29,0x20,0x69,0x6e,0x20,0x76,0x65,
    0x63,0x32,0x20,0x62,0x75,0x76,0x3b,0x0a,0x0a,0x76,0x6f,0x69,0x64,0x20,0x6d,0x61,
    0x69,0x6e,0x28,0x29,0x0a,0x7b,0x0a,0x20,0x20,0x20,0x20,0x66,0x72,0x61,0x67,0x5f,
    0x63,0x6f,0x6c,0x6f,0x72,0x20,0x3d,0x20,0x76,0x65,0x63,0x34,0x28,0x74,0x65,0x78,
    0x74,0x75,0x72,0x65,0x28,0x62,0x74,0x65,0x78,0x5f,0x62,0x73,0x6d,0x70,0x2c,0x20,
    0x62,0x75,0x76,0x29,0x2e,0x78,0x79,0x7a,0x2c,0x20,0x31,0x2e,0x30,0x29,0x3b,0x0a,
    0x7d,0x0a,0x0a,0x00,
};
/*
    #version 300 es

    uniform vec4 vs_params[12];
    layout(location = 0) in vec3 pos;
    layout(location = 1) in vec3 nrm;
    out vec3 shade;
    out vec2 uv_w;
    layout(location = 2) in vec2 texcoord0;
    out float w_out;
    out float fog_f;

    void main()
    {
        vec4 _27 = vec4(pos, 1.0);
        vec4 clip = mat4(vs_params[0], vs_params[1], vs_params[2], vs_params[3]) * _27;
        if (vs_params[10].z > 0.5)
        {
            vec2 _47 = vs_params[10].xy * 0.5;
            vec4 _48 = clip;
            vec2 _65 = (floor(((_48.xy / vec2(_48.w)) * _47) + vec2(0.5)) / _47) * _48.w;
            vec4 _185 = _48;
            _185.x = _65.x;
            _185.y = _65.y;
            clip = _185;
        }
        gl_Position = clip;
        shade = vs_params[8].xyz * mix(vec3(0.4199999868869781494140625, 0.439999997615814208984375, 0.550000011920928955078125), vec3(1.0499999523162841796875), vec3(max(dot(normalize(vec3((vs_params[9].x * nrm.x) + (vs_params[9].y * nrm.z), nrm.y, ((-vs_params[9].y) * nrm.x) + (vs_params[9].x * nrm.z))), vec3(0.4319342076778411865234375, 0.863868415355682373046875, 0.259160518646240234375)), 0.0)));
        float _143 = mix(1.0, clip.w, vs_params[10].w);
        uv_w = (texcoord0 * vs_params[9].z) * _143;
        w_out = _143;
        fog_f = clamp(((-(mat4(vs_params[4], vs_params[5], vs_params[6], vs_params[7]) * _27).z) - vs_params[11].x) / (vs_params[11].y - vs_params[11].x), 0.0, 1.0);
    }

*/
static const uint8_t vs_source_glsl300es[1348] = {
    0x23,0x76,0x65,0x72,0x73,0x69,0x6f,0x6e,0x20,0x33,0x30,0x30,0x20,0x65,0x73,0x0a,
    0x0a,0x75,0x6e,0x69,0x66,0x6f,0x72,0x6d,0x20,0x76,0x65,0x63,0x34,0x20,0x76,0x73,
    0x5f,0x70,0x61,0x72,0x61,0x6d,0x73,0x5b,0x31,0x32,0x5d,0x3b,0x0a,0x6c,0x61,0x79,
    0x6f,0x75,0x74,0x28,0x6c,0x6f,0x63,0x61,0x74,0x69,0x6f,0x6e,0x20,0x3d,0x20,0x30,
    0x29,0x20,0x69,0x6e,0x20,0x76,0x65,0x63,0x33,0x20,0x70,0x6f,0x73,0x3b,0x0a,0x6c,
    0x61,0x79,0x6f,0x75,0x74,0x28,0x6c,0x6f,0x63,0x61,0x74,0x69,0x6f,0x6e,0x20,0x3d,
    0x20,0x31,0x29,0x20,0x69,0x6e,0x20,0x76,0x65,0x63,0x33,0x20,0x6e,0x72,0x6d,0x3b,
    0x0a,0x6f,0x75,0x74,0x20,0x76,0x65,0x63,0x33,0x20,0x73,0x68,0x61,0x64,0x65,0x3b,
    0x0a,0x6f,0x75,0x74,0x20,0x76,0x65,0x63,0x32,0x20,0x75,0x76,0x5f,0x77,0x3b,0x0a,
    0x6c,0x61,0x79,0x6f,0x75,0x74,0x28,0x6c,0x6f,0x63,0x61,0x74,0x69,0x6f,0x6e,0x20,
    0x3d,0x20,0x32,0x29,0x20,0x69,0x6e,0x20,0x76,0x65,0x63,0x32,0x20,0x74,0x65,0x78,
    0x63,0x6f,0x6f,0x72,0x64,0x30,0x3b,0x0a,0x6f,0x75,0x74,0x20,0x66,0x6c,0x6f,0x61,
    0x74,0x20,0x77,0x5f,0x6f,0x75,0x74,0x3b,0x0a,0x6f,0x75,0x74,0x20,0x66,0x6c,0x6f,
    0x61,0x74,0x20,0x66,0x6f,0x67,0x5f,0x66,0x3b,0x0a,0x0a,0x76,0x6f,0x69,0x64,0x20,
    0x6d,0x61,0x69,0x6e,0x28,0x29,0x0a,0x7b,0x0a,0x20,0x20,0x20,0x20,0x76,0x65,0x63,
    0x34,0x20,0x5f,0x32,0x37,0x20,0x3d,0x20,0x76,0x65,0x63,0x34,0x28,0x70,0x6f,0x73,
    0x2c,0x20,0x31,0x2e,0x30,0x29,0x3b,0x0a,0x20,0x20,0x20,0x20,0x76,0x65,0x63,0x34,
    0x20,0x63,0x6c,0x69,0x70,0x20,0x3d,0x20,0x6d,0x61,0x74,0x34,0x28,0x76,0x73,0x5f,
    0x70,0x61,0x72,0x61,0x6d,0x73,0x5b,0x30,0x5d,0x2c,0x20,0x76,0x73,0x5f,0x70,0x61,
    0x72,0x61,0x6d,0x73,0x5b,0x31,0x5d,0x2c,0x20,0x76,0x73,0x5f,0x70,0x61,0x72,0x61,
    0x6d,0x73,0x5b,0x32,0x5d,0x2c,0x20,0x76,0x73,0x5f,0x70,0x61,0x72,0x61,0x6d,0x73,
    0x5b,0x33,0x5d,0x29,0x20,0x2a,0x20,0x5f,0x32,0x37,0x3b,0x0a,0x20,0x20,0x20,0x20,
    0x69,0x66,0x20,0x28,0x76,0x73,0x5f,0x70,0x61,0x72,0x61,0x6d,0x73,0x5b,0x31,0x30,
    0x5d,0x2e,0x7a,0x20,0x3e,0x20,0x30,0x2e,0x35,0x29,0x0a,0x20,0x20,0x20,0x20,0x7b,
    0x0a,0x20,0x20,0x20,0x20,0x20,0x20,0x20,0x20,0x76,0x65,0x63,0x32,0x20,0x5f,0x34,
    0x37,0x20,0x3d,0x20,0x76,0x73,0x5f,0x70,0x61,0x72,0x61,0x6d,0x73,0x5b,0x31,0x30,
    0x5d,0x2e,0x78,0x79,0x20,0x2a,0x20,0x30,0x2e,0x35,0x3b,0x0a,0x20,0x20,0x20,0x20,
    0x20,0x20,0x20,0x20,0x76,0x65,0x63,0x34,0x20,0x5f,0x34,0x38,0x20,0x3d,0x20,0x63,
    0x6c,0x69,0x70,0x3b,0x0a,0x20,0x20,0x20,0x20,0x20,0x20,0x20,0x20,0x76,0x65,0x63,
    0x32,0x20,0x5f,0x36,0x35,0x20,0x3d,0x20,0x28,0x66,0x6c,0x6f,0x6f,0x72,0x28,0x28,
    0x28,0x5f,0x34,0x38,0x2e,0x78,0x79,0x20,0x2f,0x20,0x76,0x65,0x63,0x32,0x28,0x5f,
    0x34,0x38,0x2e,0x77,0x29,0x29,0x20,0x2a,0x20,0x5f,0x34,0x37,0x29,0x20,0x2b,0x20,
    0x76,0x65,0x63,0x32,0x28,0x30,0x2e,0x35,0x29,0x29,0x20,0x2f,0x20,0x5f,0x34,0x37,
    0x29,0x20,0x2a,0x20,0x5f,0x34,0x38,0x2e,0x77,0x3b,0x0a,0x20,0x20,0x20,0x20,0x20,
    0x20,0x20,0x20,0x76,0x65,0x63,0x34,0x20,0x5f,0x31,0x38,0x35,0x20,0x3d,0x20,0x5f,
    0x34,0x38,0x3b,0x0a,0x20,0x20,0x20,0x20,0x20,0x20,0x20,0x20,0x5f,0x31,0x38,0x35,
    0x2e,0x78,0x20,0x3d,0x20,0x5f,0x36,0x35,0x2e,0x78,0x3b,0x0a,0x20,0x20,0x20,0x20,
    0x20,0x20,0x20,0x20,0x5f,0x31,0x38,0x35,0x2e,0x79,0x20,0x3d,0x20,0x5f,0x36,0x35,
    0x2e,0x79,0x3b,0x0a,0x20,0x20,0x20,0x20,0x20,0x20,0x20,0x20,0x63,0x6c,0x69,0x70,
    0x20,0x3d,0x20,0x5f,0x31,0x38,0x35,0x3b,0x0a,0x20,0x20,0x20,0x20,0x7d,0x0a,0x20,
    0x20,0x20,0x20,0x67,0x6c,0x5f,0x50,0x6f,0x73,0x69,0x74,0x69,0x6f,0x6e,0x20,0x3d,
    0x20,0x63,0x6c,0x69,0x70,0x3b,0x0a,0x20,0x20,0x20,0x20,0x73,0x68,0x61,0x64,0x65,
    0x20,0x3d,0x20,0x76,0x73,0x5f,0x70,0x61,0x72,0x61,0x6d,0x73,0x5b,0x38,0x5d,0x2e,
    0x78,0x79,0x7a,0x20,0x2a,0x20,0x6d,0x69,0x78,0x28,0x76,0x65,0x63,0x33,0x28,0x30,
    0x2e,0x34,0x31,0x39,0x39,0x39,0x39,0x39,0x38,0x36,0x38,0x38,0x36,0x39,0x37,0x38,
    0x31,0x34,0x39,0x34,0x31,0x34,0x30,0x36,0x32,0x35,0x2c,0x20,0x30,0x2e,0x34,0x33,
    0x39,0x39,0x39,0x39,0x39,0x39,0x37,0x36,0x31,0x35,0x38,0x31,0x34,0x32,0x30,0x38,
    0x39,0x38,0x34,0x33,0x37,0x35,0x2c,0x20,0x30,0x2e,0x35,0x35,0x30,0x30,0x30,0x30,
    0x30,0x31,0x31,0x39,0x32,0x30,0x39,0x32,0x38,0x39,0x35,0x35,0x30,0x37,0x38,0x31,
    0x32,0x35,0x29,0x2c,0x20,0x76,0x65,0x63,0x33,0x28,0x31,0x2e,0x30,0x34,0x39,0x39,
    0x39,0x39,0x39,0x35,0x32,0x33,0x31,0x36,0x32,0x38,0x34,0x31,0x37,0x39,0x36,0x38,
    0x37,0x35,0x29,0x2c,0x20,0x76,0x65,0x63,0x33,0x28,0x6d,0x61,0x78,0x28,0x64,0x6f,
    0x74,0x28,0x6e,0x6f,0x72,0x6d,0x61,0x6c,0x69,0x7a,0x65,0x28,0x76,0x65,0x63,0x33,
    0x28,0x28,0x76,0x73,0x5f,0x70,0x61,0x72,0x61,0x6d,0x73,0x5b,0x39,0x5d,0x2e,0x78,
    0x20,0x2a,0x20,0x6e,0x72,0x6d,0x2e,0x78,0x29,0x20,0x2b,0x20,0x28,0x76,0x73,0x5f,
    0x70,0x61,0x72,0x61,0x6d,0x73,0x5b,0x39,0x5d,0x2e,0x79,0x20,0x2a,0x20,0x6e,0x72,
    0x6d,0x2e,0x7a,0x29,0x2c,0x20,0x6e,0x72,0x6d,0x2e,0x79,0x2c,0x20,0x28,0x28,0x2d,
    0x76,0x73,0x5f,0x70,0x61,0x72,0x61,0x6d,0x73,0x5b,0x39,0x5d,0x2e,0x79,0x29,0x20,
    0x2a,0x20,0x6e,0x72,0x6d,0x2e,0x78,0x29,0x20,0x2b,0x20,0x28,0x76,0x73,0x5f,0x70,
    0x61,0x72,0x61,0x6d,0x73,0x5b,0x39,0x5d,0x2e,0x78,0x20,0x2a,0x20,0x6e,0x72,0x6d,
    0x2e,0x7a,0x29,0x29,0x29,0x2c,0x20,0x76,0x65,0x63,0x33,0x28,0x30,0x2e,0x34,0x33,
    0x31,0x39,0x33,0x34,0x32,0x30,0x37,0x36,0x37,0x37,0x38,0x34,0x31,0x31,0x38,0x36,
    0x35,0x32,0x33,0x34,0x33,0x37,0x35,0x2c,0x20,0x30,0x2e,0x38,0x36,0x33,0x38,0x36,
    0x38,0x34,0x31,0x35,0x33,0x35,0x35,0x36,0x38,0x32,0x33,0x37,0x33,0x30,0x34,0x36,
    0x38,0x37,0x35,0x2c,0x20,0x30,0x2e,0x32,0x35,0x39,0x31,0x36,0x30,0x35,0x31,0x38,
    0x36,0x34,0x36,0x32,0x34,0x30,0x32,0x33,0x34,0x33,0x37,0x35,0x29,0x29,0x2c,0x20,
    0x30,0x2e,0x30,0x29,0x29,0x29,0x3b,0x0a,0x20,0x20,0x20,0x20,0x66,0x6c,0x6f,0x61,
    0x74,0x20,0x5f,0x31,0x34,0x33,0x20,0x3d,0x20,0x6d,0x69,0x78,0x28,0x31,0x2e,0x30,
    0x2c,0x20,0x63,0x6c,0x69,0x70,0x2e,0x77,0x2c,0x20,0x76,0x73,0x5f,0x70,0x61,0x72,
    0x61,0x6d,0x73,0x5b,0x31,0x30,0x5d,0x2e,0x77,0x29,0x3b,0x0a,0x20,0x20,0x20,0x20,
    0x75,0x76,0x5f,0x77,0x20,0x3d,0x20,0x28,0x74,0x65,0x78,0x63,0x6f,0x6f,0x72,0x64,
    0x30,0x20,0x2a,0x20,0x76,0x73,0x5f,0x70,0x61,0x72,0x61,0x6d,0x73,0x5b,0x39,0x5d,
    0x2e,0x7a,0x29,0x20,0x2a,0x20,0x5f,0x31,0x34,0x33,0x3b,0x0a,0x20,0x20,0x20,0x20,
    0x77,0x5f,0x6f,0x75,0x74,0x20,0x3d,0x20,0x5f,0x31,0x34,0x33,0x3b,0x0a,0x20,0x20,
    0x20,0x20,0x66,0x6f,0x67,0x5f,0x66,0x20,0x3d,0x20,0x63,0x6c,0x61,0x6d,0x70,0x28,
    0x28,0x28,0x2d,0x28,0x6d,0x61,0x74,0x34,0x28,0x76,0x73,0x5f,0x70,0x61,0x72,0x61,
    0x6d,0x73,0x5b,0x34,0x5d,0x2c,0x20,0x76,0x73,0x5f,0x70,0x61,0x72,0x61,0x6d,0x73,
    0x5b,0x35,0x5d,0x2c,0x20,0x76,0x73,0x5f,0x70,0x61,0x72,0x61,0x6d,0x73,0x5b,0x36,
    0x5d,0x2c,0x20,0x76,0x73,0x5f,0x70,0x61,0x72,0x61,0x6d,0x73,0x5b,0x37,0x5d,0x29,
    0x20,0x2a,0x20,0x5f,0x32,0x37,0x29,0x2e,0x7a,0x29,0x20,0x2d,0x20,0x76,0x73,0x5f,
    0x70,0x61,0x72,0x61,0x6d,0x73,0x5b,0x31,0x31,0x5d,0x2e,0x78,0x29,0x20,0x2f,0x20,
    0x28,0x76,0x73,0x5f,0x70,0x61,0x72,0x61,0x6d,0x73,0x5b,0x31,0x31,0x5d,0x2e,0x79,
    0x20,0x2d,0x20,0x76,0x73,0x5f,0x70,0x61,0x72,0x61,0x6d,0x73,0x5b,0x31,0x31,0x5d,
    0x2e,0x78,0x29,0x2c,0x20,0x30,0x2e,0x30,0x2c,0x20,0x31,0x2e,0x30,0x29,0x3b,0x0a,
    0x7d,0x0a,0x0a,0x00,
};
/*
    #version 300 es
    precision mediump float;
    precision highp int;

    uniform highp vec4 fs_params[1];
    uniform highp sampler2D tex_smp;

    in highp vec2 uv_w;
    in highp float w_out;
    in highp vec3 shade;
    in highp float fog_f;
    layout(location = 0) out highp vec4 frag_color;

    highp float b2(inout highp vec2 a)
    {
        a = floor(a);
        return fract((a.x * 0.5) + ((a.y * a.y) * 0.75));
    }

    highp float b4(highp vec2 a)
    {
        highp vec2 param = a * 0.5;
        highp float _40 = b2(param);
        highp vec2 param_1 = a;
        highp float _45 = b2(param_1);
        return (_40 * 0.25) + _45;
    }

    void main()
    {
        highp vec3 c = mix(shade * texture(tex_smp, uv_w / vec2(w_out)).xyz, fs_params[0].xyz, vec3(fog_f));
        if (fs_params[0].w > 0.5)
        {
            highp vec2 param = gl_FragCoord.xy;
            c = floor((c * 15.0) + vec3(b4(param))) * vec3(0.066666670143604278564453125);
        }
        frag_color = vec4(c, 1.0);
    }

*/
static const uint8_t fs_source_glsl300es[896] = {
    0x23,0x76,0x65,0x72,0x73,0x69,0x6f,0x6e,0x20,0x33,0x30,0x30,0x20,0x65,0x73,0x0a,
    0x70,0x72,0x65,0x63,0x69,0x73,0x69,0x6f,0x6e,0x20,0x6d,0x65,0x64,0x69,0x75,0x6d,
    0x70,0x20,0x66,0x6c,0x6f,0x61,0x74,0x3b,0x0a,0x70,0x72,0x65,0x63,0x69,0x73,0x69,
    0x6f,0x6e,0x20,0x68,0x69,0x67,0x68,0x70,0x20,0x69,0x6e,0x74,0x3b,0x0a,0x0a,0x75,
    0x6e,0x69,0x66,0x6f,0x72,0x6d,0x20,0x68,0x69,0x67,0x68,0x70,0x20,0x76,0x65,0x63,
    0x34,0x20,0x66,0x73,0x5f,0x70,0x61,0x72,0x61,0x6d,0x73,0x5b,0x31,0x5d,0x3b,0x0a,
    0x75,0x6e,0x69,0x66,0x6f,0x72,0x6d,0x20,0x68,0x69,0x67,0x68,0x70,0x20,0x73,0x61,
    0x6d,0x70,0x6c,0x65,0x72,0x32,0x44,0x20,0x74,0x65,0x78,0x5f,0x73,0x6d,0x70,0x3b,
    0x0a,0x0a,0x69,0x6e,0x20,0x68,0x69,0x67,0x68,0x70,0x20,0x76,0x65,0x63,0x32,0x20,
    0x75,0x76,0x5f,0x77,0x3b,0x0a,0x69,0x6e,0x20,0x68,0x69,0x67,0x68,0x70,0x20,0x66,
    0x6c,0x6f,0x61,0x74,0x20,0x77,0x5f,0x6f,0x75,0x74,0x3b,0x0a,0x69,0x6e,0x20,0x68,
    0x69,0x67,0x68,0x70,0x20,0x76,0x65,0x63,0x33,0x20,0x73,0x68,0x61,0x64,0x65,0x3b,
    0x0a,0x69,0x6e,0x20,0x68,0x69,0x67,0x68,0x70,0x20,0x66,0x6c,0x6f,0x61,0x74,0x20,
    0x66,0x6f,0x67,0x5f,0x66,0x3b,0x0a,0x6c,0x61,0x79,0x6f,0x75,0x74,0x28,0x6c,0x6f,
    0x63,0x61,0x74,0x69,0x6f,0x6e,0x20,0x3d,0x20,0x30,0x29,0x20,0x6f,0x75,0x74,0x20,
    0x68,0x69,0x67,0x68,0x70,0x20,0x76,0x65,0x63,0x34,0x20,0x66,0x72,0x61,0x67,0x5f,
    0x63,0x6f,0x6c,0x6f,0x72,0x3b,0x0a,0x0a,0x68,0x69,0x67,0x68,0x70,0x20,0x66,0x6c,
    0x6f,0x61,0x74,0x20,0x62,0x32,0x28,0x69,0x6e,0x6f,0x75,0x74,0x20,0x68,0x69,0x67,
    0x68,0x70,0x20,0x76,0x65,0x63,0x32,0x20,0x61,0x29,0x0a,0x7b,0x0a,0x20,0x20,0x20,
    0x20,0x61,0x20,0x3d,0x20,0x66,0x6c,0x6f,0x6f,0x72,0x28,0x61,0x29,0x3b,0x0a,0x20,
    0x20,0x20,0x20,0x72,0x65,0x74,0x75,0x72,0x6e,0x20,0x66,0x72,0x61,0x63,0x74,0x28,
    0x28,0x61,0x2e,0x78,0x20,0x2a,0x20,0x30,0x2e,0x35,0x29,0x20,0x2b,0x20,0x28,0x28,
    0x61,0x2e,0x79,0x20,0x2a,0x20,0x61,0x2e,0x79,0x29,0x20,0x2a,0x20,0x30,0x2e,0x37,
    0x35,0x29,0x29,0x3b,0x0a,0x7d,0x0a,0x0a,0x68,0x69,0x67,0x68,0x70,0x20,0x66,0x6c,
    0x6f,0x61,0x74,0x20,0x62,0x34,0x28,0x68,0x69,0x67,0x68,0x70,0x20,0x76,0x65,0x63,
    0x32,0x20,0x61,0x29,0x0a,0x7b,0x0a,0x20,0x20,0x20,0x20,0x68,0x69,0x67,0x68,0x70,
    0x20,0x76,0x65,0x63,0x32,0x20,0x70,0x61,0x72,0x61,0x6d,0x20,0x3d,0x20,0x61,0x20,
    0x2a,0x20,0x30,0x2e,0x35,0x3b,0x0a,0x20,0x20,0x20,0x20,0x68,0x69,0x67,0x68,0x70,
    0x20,0x66,0x6c,0x6f,0x61,0x74,0x20,0x5f,0x34,0x30,0x20,0x3d,0x20,0x62,0x32,0x28,
    0x70,0x61,0x72,0x61,0x6d,0x29,0x3b,0x0a,0x20,0x20,0x20,0x20,0x68,0x69,0x67,0x68,
    0x70,0x20,0x76,0x65,0x63,0x32,0x20,0x70,0x61,0x72,0x61,0x6d,0x5f,0x31,0x20,0x3d,
    0x20,0x61,0x3b,0x0a,0x20,0x20,0x20,0x20,0x68,0x69,0x67,0x68,0x70,0x20,0x66,0x6c,
    0x6f,0x61,0x74,0x20,0x5f,0x34,0x35,0x20,0x3d,0x20,0x62,0x32,0x28,0x70,0x61,0x72,
    0x61,0x6d,0x5f,0x31,0x29,0x3b,0x0a,0x20,0x20,0x20,0x20,0x72,0x65,0x74,0x75,0x72,
    0x6e,0x20,0x28,0x5f,0x34,0x30,0x20,0x2a,0x20,0x30,0x2e,0x32,0x35,0x29,0x20,0x2b,
    0x20,0x5f,0x34,0x35,0x3b,0x0a,0x7d,0x0a,0x0a,0x76,0x6f,0x69,0x64,0x20,0x6d,0x61,
    0x69,0x6e,0x28,0x29,0x0a,0x7b,0x0a,0x20,0x20,0x20,0x20,0x68,0x69,0x67,0x68,0x70,
    0x20,0x76,0x65,0x63,0x33,0x20,0x63,0x20,0x3d,0x20,0x6d,0x69,0x78,0x28,0x73,0x68,
    0x61,0x64,0x65,0x20,0x2a,0x20,0x74,0x65,0x78,0x74,0x75,0x72,0x65,0x28,0x74,0x65,
    0x78,0x5f,0x73,0x6d,0x70,0x2c,0x20,0x75,0x76,0x5f,0x77,0x20,0x2f,0x20,0x76,0x65,
    0x63,0x32,0x28,0x77,0x5f,0x6f,0x75,0x74,0x29,0x29,0x2e,0x78,0x79,0x7a,0x2c,0x20,
    0x66,0x73,0x5f,0x70,0x61,0x72,0x61,0x6d,0x73,0x5b,0x30,0x5d,0x2e,0x78,0x79,0x7a,
    0x2c,0x20,0x76,0x65,0x63,0x33,0x28,0x66,0x6f,0x67,0x5f,0x66,0x29,0x29,0x3b,0x0a,
    0x20,0x20,0x20,0x20,0x69,0x66,0x20,0x28,0x66,0x73,0x5f,0x70,0x61,0x72,0x61,0x6d,
    0x73,0x5b,0x30,0x5d,0x2e,0x77,0x20,0x3e,0x20,0x30,0x2e,0x35,0x29,0x0a,0x20,0x20,
    0x20,0x20,0x7b,0x0a,0x20,0x20,0x20,0x20,0x20,0x20,0x20,0x20,0x68,0x69,0x67,0x68,
    0x70,0x20,0x76,0x65,0x63,0x32,0x20,0x70,0x61,0x72,0x61,0x6d,0x20,0x3d,0x20,0x67,
    0x6c,0x5f,0x46,0x72,0x61,0x67,0x43,0x6f,0x6f,0x72,0x64,0x2e,0x78,0x79,0x3b,0x0a,
    0x20,0x20,0x20,0x20,0x20,0x20,0x20,0x20,0x63,0x20,0x3d,0x20,0x66,0x6c,0x6f,0x6f,
    0x72,0x28,0x28,0x63,0x20,0x2a,0x20,0x31,0x35,0x2e,0x30,0x29,0x20,0x2b,0x20,0x76,
    0x65,0x63,0x33,0x28,0x62,0x34,0x28,0x70,0x61,0x72,0x61,0x6d,0x29,0x29,0x29,0x20,
    0x2a,0x20,0x76,0x65,0x63,0x33,0x28,0x30,0x2e,0x30,0x36,0x36,0x36,0x36,0x36,0x36,
    0x37,0x30,0x31,0x34,0x33,0x36,0x30,0x34,0x32,0x37,0x38,0x35,0x36,0x34,0x34,0x35,
    0x33,0x31,0x32,0x35,0x29,0x3b,0x0a,0x20,0x20,0x20,0x20,0x7d,0x0a,0x20,0x20,0x20,
    0x20,0x66,0x72,0x61,0x67,0x5f,0x63,0x6f,0x6c,0x6f,0x72,0x20,0x3d,0x20,0x76,0x65,
    0x63,0x34,0x28,0x63,0x2c,0x20,0x31,0x2e,0x30,0x29,0x3b,0x0a,0x7d,0x0a,0x0a,0x00,

};
/*
    #version 300 es

    uniform vec4 blit_params[1];
    layout(location = 0) in vec2 bpos;
    out vec2 buv;

    void main()
    {
        gl_Position = vec4((bpos * 2.0) - vec2(1.0), 0.0, 1.0);
        float _47;
        if (blit_params[0].x > 0.5)
        {
            _47 = 1.0 - bpos.y;
        }
        else
        {
            _47 = bpos.y;
        }
        buv = vec2(bpos.x, _47);
    }

*/
static const uint8_t blit_vs_source_glsl300es[333] = {
    0x23,0x76,0x65,0x72,0x73,0x69,0x6f,0x6e,0x20,0x33,0x30,0x30,0x20,0x65,0x73,0x0a,
    0x0a,0x75,0x6e,0x69,0x66,0x6f,0x72,0x6d,0x20,0x76,0x65,0x63,0x34,0x20,0x62,0x6c,
    0x69,0x74,0x5f,0x70,0x61,0x72,0x61,0x6d,0x73,0x5b,0x31,0x5d,0x3b,0x0a,0x6c,0x61,
    0x79,0x6f,0x75,0x74,0x28,0x6c,0x6f,0x63,0x61,0x74,0x69,0x6f,0x6e,0x20,0x3d,0x20,
    0x30,0x29,0x20,0x69,0x6e,0x20,0x76,0x65,0x63,0x32,0x20,0x62,0x70,0x6f,0x73,0x3b,
    0x0a,0x6f,0x75,0x74,0x20,0x76,0x65,0x63,0x32,0x20,0x62,0x75,0x76,0x3b,0x0a,0x0a,
    0x76,0x6f,0x69,0x64,0x20,0x6d,0x61,0x69,0x6e,0x28,0x29,0x0a,0x7b,0x0a,0x20,0x20,
    0x20,0x20,0x67,0x6c,0x5f,0x50,0x6f,0x73,0x69,0x74,0x69,0x6f,0x6e,0x20,0x3d,0x20,
    0x76,0x65,0x63,0x34,0x28,0x28,0x62,0x70,0x6f,0x73,0x20,0x2a,0x20,0x32,0x2e,0x30,
    0x29,0x20,0x2d,0x20,0x76,0x65,0x63,0x32,0x28,0x31,0x2e,0x30,0x29,0x2c,0x20,0x30,
    0x2e,0x30,0x2c,0x20,0x31,0x2e,0x30,0x29,0x3b,0x0a,0x20,0x20,0x20,0x20,0x66,0x6c,
    0x6f,0x61,0x74,0x20,0x5f,0x34,0x37,0x3b,0x0a,0x20,0x20,0x20,0x20,0x69,0x66,0x20,
    0x28,0x62,0x6c,0x69,0x74,0x5f,0x70,0x61,0x72,0x61,0x6d,0x73,0x5b,0x30,0x5d,0x2e,
    0x78,0x20,0x3e,0x20,0x30,0x2e,0x35,0x29,0x0a,0x20,0x20,0x20,0x20,0x7b,0x0a,0x20,
    0x20,0x20,0x20,0x20,0x20,0x20,0x20,0x5f,0x34,0x37,0x20,0x3d,0x20,0x31,0x2e,0x30,
    0x20,0x2d,0x20,0x62,0x70,0x6f,0x73,0x2e,0x79,0x3b,0x0a,0x20,0x20,0x20,0x20,0x7d,
    0x0a,0x20,0x20,0x20,0x20,0x65,0x6c,0x73,0x65,0x0a,0x20,0x20,0x20,0x20,0x7b,0x0a,
    0x20,0x20,0x20,0x20,0x20,0x20,0x20,0x20,0x5f,0x34,0x37,0x20,0x3d,0x20,0x62,0x70,
    0x6f,0x73,0x2e,0x79,0x3b,0x0a,0x20,0x20,0x20,0x20,0x7d,0x0a,0x20,0x20,0x20,0x20,
    0x62,0x75,0x76,0x20,0x3d,0x20,0x76,0x65,0x63,0x32,0x28,0x62,0x70,0x6f,0x73,0x2e,
    0x78,0x2c,0x20,0x5f,0x34,0x37,0x29,0x3b,0x0a,0x7d,0x0a,0x0a,0x00,
};
/*
    #version 300 es
    precision mediump float;
    precision highp int;

    uniform highp sampler2D btex_bsmp;

    layout(location = 0) out highp vec4 frag_color;
    in highp vec2 buv;

    void main()
    {
        frag_color = vec4(texture(btex_bsmp, buv).xyz, 1.0);
    }

*/
static const uint8_t blit_fs_source_glsl300es[242] = {
    0x23,0x76,0x65,0x72,0x73,0x69,0x6f,0x6e,0x20,0x33,0x30,0x30,0x20,0x65,0x73,0x0a,
    0x70,0x72,0x65,0x63,0x69,0x73,0x69,0x6f,0x6e,0x20,0x6d,0x65,0x64,0x69,0x75,0x6d,
    0x70,0x20,0x66,0x6c,0x6f,0x61,0x74,0x3b,0x0a,0x70,0x72,0x65,0x63,0x69,0x73,0x69,
    0x6f,0x6e,0x20,0x68,0x69,0x67,0x68,0x70,0x20,0x69,0x6e,0x74,0x3b,0x0a,0x0a,0x75,
    0x6e,0x69,0x66,0x6f,0x72,0x6d,0x20,0x68,0x69,0x67,0x68,0x70,0x20,0x73,0x61,0x6d,
    0x70,0x6c,0x65,0x72,0x32,0x44,0x20,0x62,0x74,0x65,0x78,0x5f,0x62,0x73,0x6d,0x70,
    0x3b,0x0a,0x0a,0x6c,0x61,0x79,0x6f,0x75,0x74,0x28,0x6c,0x6f,0x63,0x61,0x74,0x69,
    0x6f,0x6e,0x20,0x3d,0x20,0x30,0x29,0x20,0x6f,0x75,0x74,0x20,0x68,0x69,0x67,0x68,
    0x70,0x20,0x76,0x65,0x63,0x34,0x20,0x66,0x72,0x61,0x67,0x5f,0x63,0x6f,0x6c,0x6f,
    0x72,0x3b,0x0a,0x69,0x6e,0x20,0x68,0x69,0x67,0x68,0x70,0x20,0x76,0x65,0x63,0x32,
    0x20,0x62,0x75,0x76,0x3b,0x0a,0x0a,0x76,0x6f,0x69,0x64,0x20,0x6d,0x61,0x69,0x6e,
    0x28,0x29,0x0a,0x7b,0x0a,0x20,0x20,0x20,0x20,0x66,0x72,0x61,0x67,0x5f,0x63,0x6f,
    0x6c,0x6f,0x72,0x20,0x3d,0x20,0x76,0x65,0x63,0x34,0x28,0x74,0x65,0x78,0x74,0x75,
    0x72,0x65,0x28,0x62,0x74,0x65,0x78,0x5f,0x62,0x73,0x6d,0x70,0x2c,0x20,0x62,0x75,
    0x76,0x29,0x2e,0x78,0x79,0x7a,0x2c,0x20,0x31,0x2e,0x30,0x29,0x3b,0x0a,0x7d,0x0a,
    0x0a,0x00,
};
/*
    cbuffer vs_params : register(b0)
    {
        row_major float4x4 _13_mvp : packoffset(c0);
        row_major float4x4 _13_mv : packoffset(c4);
        float4 _13_color : packoffset(c8);
        float4 _13_rot_rep : packoffset(c9);
        float4 _13_res_flags : packoffset(c10);
        float4 _13_fog : packoffset(c11);
    };


    static float4 gl_Position;
    static float3 pos;
    static float3 nrm;
    static float3 shade;
    static float2 uv_w;
    static float2 texcoord0;
    static float w_out;
    static float fog_f;

    struct SPIRV_Cross_Input
    {
        float3 pos : TEXCOORD0;
        float3 nrm : TEXCOORD1;
        float2 texcoord0 : TEXCOORD2;
    };

    struct SPIRV_Cross_Output
    {
        float2 uv_w : TEXCOORD0;
        float w_out : TEXCOORD1;
        float3 shade : TEXCOORD2;
        float fog_f : TEXCOORD3;
        float4 gl_Position : SV_Position;
    };

    void vert_main()
    {
        float4 _27 = float4(pos, 1.0f);
        float4 clip = mul(_27, _13_mvp);
        if (_13_res_flags.z > 0.5f)
        {
            float2 _47 = _13_res_flags.xy * 0.5f;
            float4 _48 = clip;
            float2 _65 = (floor(((_48.xy / _48.w.xx) * _47) + 0.5f.xx) / _47) * _48.w;
            float4 _185 = _48;
            _185.x = _65.x;
            _185.y = _65.y;
            clip = _185;
        }
        gl_Position = clip;
        shade = _13_color.xyz * lerp(float3(0.4199999868869781494140625f, 0.439999997615814208984375f, 0.550000011920928955078125f), 1.0499999523162841796875f.xxx, max(dot(normalize(float3((_13_rot_rep.x * nrm.x) + (_13_rot_rep.y * nrm.z), nrm.y, ((-_13_rot_rep.y) * nrm.x) + (_13_rot_rep.x * nrm.z))), float3(0.4319342076778411865234375f, 0.863868415355682373046875f, 0.259160518646240234375f)), 0.0f).xxx);
        float _143 = lerp(1.0f, clip.w, _13_res_flags.w);
        uv_w = (texcoord0 * _13_rot_rep.z) * _143;
        w_out = _143;
        fog_f = clamp(((-mul(_27, _13_mv).z) - _13_fog.x) / (_13_fog.y - _13_fog.x), 0.0f, 1.0f);
    }

    SPIRV_Cross_Output main(SPIRV_Cross_Input stage_input)
    {
        pos = stage_input.pos;
        nrm = stage_input.nrm;
        texcoord0 = stage_input.texcoord0;
        vert_main();
        SPIRV_Cross_Output stage_output;
        stage_output.gl_Position = gl_Position;
        stage_output.shade = shade;
        stage_output.uv_w = uv_w;
        stage_output.w_out = w_out;
        stage_output.fog_f = fog_f;
        return stage_output;
    }
*/
static const uint8_t vs_source_hlsl5[2214] = {
    0x63,0x62,0x75,0x66,0x66,0x65,0x72,0x20,0x76,0x73,0x5f,0x70,0x61,0x72,0x61,0x6d,
    0x73,0x20,0x3a,0x20,0x72,0x65,0x67,0x69,0x73,0x74,0x65,0x72,0x28,0x62,0x30,0x29,
    0x0a,0x7b,0x0a,0x20,0x20,0x20,0x20,0x72,0x6f,0x77,0x5f,0x6d,0x61,0x6a,0x6f,0x72,
    0x20,0x66,0x6c,0x6f,0x61,0x74,0x34,0x78,0x34,0x20,0x5f,0x31,0x33,0x5f,0x6d,0x76,
    0x70,0x20,0x3a,0x20,0x70,0x61,0x63,0x6b,0x6f,0x66,0x66,0x73,0x65,0x74,0x28,0x63,
    0x30,0x29,0x3b,0x0a,0x20,0x20,0x20,0x20,0x72,0x6f,0x77,0x5f,0x6d,0x61,0x6a,0x6f,
    0x72,0x20,0x66,0x6c,0x6f,0x61,0x74,0x34,0x78,0x34,0x20,0x5f,0x31,0x33,0x5f,0x6d,
    0x76,0x20,0x3a,0x20,0x70,0x61,0x63,0x6b,0x6f,0x66,0x66,0x73,0x65,0x74,0x28,0x63,
    0x34,0x29,0x3b,0x0a,0x20,0x20,0x20,0x20,0x66,0x6c,0x6f,0x61,0x74,0x34,0x20,0x5f,
    0x31,0x33,0x5f,0x63,0x6f,0x6c,0x6f,0x72,0x20,0x3a,0x20,0x70,0x61,0x63,0x6b,0x6f,
    0x66,0x66,0x73,0x65,0x74,0x28,0x63,0x38,0x29,0x3b,0x0a,0x20,0x20,0x20,0x20,0x66,
    0x6c,0x6f,0x61,0x74,0x34,0x20,0x5f,0x31,0x33,0x5f,0x72,0x6f,0x74,0x5f,0x72,0x65,
    0x70,0x20,0x3a,0x20,0x70,0x61,0x63,0x6b,0x6f,0x66,0x66,0x73,0x65,0x74,0x28,0x63,
    0x39,0x29,0x3b,0x0a,0x20,0x20,0x20,0x20,0x66,0x6c,0x6f,0x61,0x74,0x34,0x20,0x5f,
    0x31,0x33,0x5f,0x72,0x65,0x73,0x5f,0x66,0x6c,0x61,0x67,0x73,0x20,0x3a,0x20,0x70,
    0x61,0x63,0x6b,0x6f,0x66,0x66,0x73,0x65,0x74,0x28,0x63,0x31,0x30,0x29,0x3b,0x0a,
    0x20,0x20,0x20,0x20,0x66,0x6c,0x6f,0x61,0x74,0x34,0x20,0x5f,0x31,0x33,0x5f,0x66,
    0x6f,0x67,0x20,0x3a,0x20,0x70,0x61,0x63,0x6b,0x6f,0x66,0x66,0x73,0x65,0x74,0x28,
    0x63,0x31,0x31,0x29,0x3b,0x0a,0x7d,0x3b,0x0a,0x0a,0x0a,0x73,0x74,0x61,0x74,0x69,
    0x63,0x20,0x66,0x6c,0x6f,0x61,0x74,0x34,0x20,0x67,0x6c,0x5f,0x50,0x6f,0x73,0x69,
    0x74,0x69,0x6f,0x6e,0x3b,0x0a,0x73,0x74,0x61,0x74,0x69,0x63,0x20,0x66,0x6c,0x6f,
    0x61,0x74,0x33,0x20,0x70,0x6f,0x73,0x3b,0x0a,0x73,0x74,0x61,0x74,0x69,0x63,0x20,
    0x66,0x6c,0x6f,0x61,0x74,0x33,0x20,0x6e,0x72,0x6d,0x3b,0x0a,0x73,0x74,0x61,0x74,
    0x69,0x63,0x20,0x66,0x6c,0x6f,0x61,0x74,0x33,0x20,0x73,0x68,0x61,0x64,0x65,0x3b,
    0x0a,0x73,0x74,0x61,0x74,0x69,0x63,0x20,0x66,0x6c,0x6f,0x61,0x74,0x32,0x20,0x75,
    0x76,0x5f,0x77,0x3b,0x0a,0x73,0x74,0x61,0x74,0x69,0x63,0x20,0x66,0x6c,0x6f,0x61,
    0x74,0x32,0x20,0x74,0x65,0x78,0x63,0x6f,0x6f,0x72,0x64,0x30,0x3b,0x0a,0x73,0x74,
    0x61,0x74,0x69,0x63,0x20,0x66,0x6c,0x6f,0x61,0x74,0x20,0x77,0x5f,0x6f,0x75,0x74,
    0x3b,0x0a,0x73,0x74,0x61,0x74,0x69,0x63,0x20,0x66,0x6c,0x6f,0x61,0x74,0x20,0x66,
    0x6f,0x67,0x5f,0x66,0x3b,0x0a,0x0a,0x73,0x74,0x72,0x75,0x63,0x74,0x20,0x53,0x50,
    0x49,0x52,0x56,0x5f,0x43,0x72,0x6f,0x73,0x73,0x5f,0x49,0x6e,0x70,0x75,0x74,0x0a,
    0x7b,0x0a,0x20,0x20,0x20,0x20,0x66,0x6c,0x6f,0x61,0x74,0x33,0x20,0x70,0x6f,0x73,
    0x20,0x3a,0x20,0x54,0x45,0x58,0x43,0x4f,0x4f,0x52,0x44,0x30,0x3b,0x0a,0x20,0x20,
    0x20,0x20,0x66,0x6c,0x6f,0x61,0x74,0x33,0x20,0x6e,0x72,0x6d,0x20,0x3a,0x20,0x54,
    0x45,0x58,0x43,0x4f,0x4f,0x52,0x44,0x31,0x3b,0x0a,0x20,0x20,0x20,0x20,0x66,0x6c,
    0x6f,0x61,0x74,0x32,0x20,0x74,0x65,0x78,0x63,0x6f,0x6f,0x72,0x64,0x30,0x20,0x3a,
    0x20,0x54,0x45,0x58,0x43,0x4f,0x4f,0x52,0x44,0x32,0x3b,0x0a,0x7d,0x3b,0x0a,0x0a,
    0x73,0x74,0x72,0x75,0x63,0x74,0x20,0x53,0x50,0x49,0x52,0x56,0x5f,0x43,0x72,0x6f,
    0x73,0x73,0x5f,0x4f,0x75,0x74,0x70,0x75,0x74,0x0a,0x7b,0x0a,0x20,0x20,0x20,0x20,
    0x66,0x6c,0x6f,0x61,0x74,0x32,0x20,0x75,0x76,0x5f,0x77,0x20,0x3a,0x20,0x54,0x45,
    0x58,0x43,0x4f,0x4f,0x52,0x44,0x30,0x3b,0x0a,0x20,0x20,0x20,0x20,0x66,0x6c,0x6f,
    0x61,0x74,0x20,0x77,0x5f,0x6f,0x75,0x74,0x20,0x3a,0x20,0x54,0x45,0x58,0x43,0x4f,
    0x4f,0x52,0x44,0x31,0x3b,0x0a,0x20,0x20,0x20,0x20,0x66,0x6c,0x6f,0x61,0x74,0x33,
    0x20,0x73,0x68,0x61,0x64,0x65,0x20,0x3a,0x20,0x54,0x45,0x58,0x43,0x4f,0x4f,0x52,
    0x44,0x32,0x3b,0x0a,0x20,0x20,0x20,0x20,0x66,0x6c,0x6f,0x61,0x74,0x20,0x66,0x6f,
    0x67,0x5f,0x66,0x20,0x3a,0x20,0x54,0x45,0x58,0x43,0x4f,0x4f,0x52,0x44,0x33,0x3b,
    0x0a,0x20,0x20,0x20,0x20,0x66,0x6c,0x6f,0x61,0x74,0x34,0x20,0x67,0x6c,0x5f,0x50,
    0x6f,0x73,0x69,0x74,0x69,0x6f,0x6e,0x20,0x3a,0x20,0x53,0x56,0x5f,0x50,0x6f,0x73,
    0x69,0x74,0x69,0x6f,0x6e,0x3b,0x0a,0x7d,0x3b,0x0a,0x0a,0x76,0x6f,0x69,0x64,0x20,
    0x76,0x65,0x72,0x74,0x5f,0x6d,0x61,0x69,0x6e,0x28,0x29,0x0a,0x7b,0x0a,0x20,0x20,
    0x20,0x20,0x66,0x6c,0x6f,0x61,0x74,0x34,0x20,0x5f,0x32,0x37,0x20,0x3d,0x20,0x66,
    0x6c,0x6f,0x61,0x74,0x34,0x28,0x70,0x6f,0x73,0x2c,0x20,0x31,0x2e,0x30,0x66,0x29,
    0x3b,0x0a,0x20,0x20,0x20,0x20,0x66,0x6c,0x6f,0x61,0x74,0x34,0x20,0x63,0x6c,0x69,
    0x70,0x20,0x3d,0x20,0x6d,0x75,0x6c,0x28,0x5f,0x32,0x37,0x2c,0x20,0x5f,0x31,0x33,
    0x5f,0x6d,0x76,0x70,0x29,0x3b,0x0a,0x20,0x20,0x20,0x20,0x69,0x66,0x20,0x28,0x5f,
    0x31,0x33,0x5f,0x72,0x65,0x73,0x5f,0x66,0x6c,0x61,0x67,0x73,0x2e,0x7a,0x20,0x3e,
    0x20,0x30,0x2e,0x35,0x66,0x29,0x0a,0x20,0x20,0x20,0x20,0x7b,0x0a,0x20,0x20,0x20,
    0x20,0x20,0x20,0x20,0x20,0x66,0x6c,0x6f,0x61,0x74,0x32,0x20,0x5f,0x34,0x37,0x20,
    0x3d,0x20,0x5f,0x31,0x33,0x5f,0x72,0x65,0x73,0x5f,0x66,0x6c,0x61,0x67,0x73,0x2e,
    0x78,0x79,0x20,0x2a,0x20,0x30,0x2e,0x35,0x66,0x3b,0x0a,0x20,0x20,0x20,0x20,0x20,
    0x20,0x20,0x20,0x66,0x6c,0x6f,0x61,0x74,0x34,0x20,0x5f,0x34,0x38,0x20,0x3d,0x20,
    0x63,0x6c,0x69,0x70,0x3b,0x0a,0x20,0x20,0x20,0x20,0x20,0x20,0x20,0x20,0x66,0x6c,
    0x6f,0x61,0x74,0x32,0x20,0x5f,0x36,0x35,0x20,0x3d,0x20,0x28,0x66,0x6c,0x6f,0x6f,
    0x72,0x28,0x28,0x28,0x5f,0x34,0x38,0x2e,0x78,0x79,0x20,0x2f,0x20,0x5f,0x34,0x38,
    0x2e,0x77,0x2e,0x78,0x78,0x29,0x20,0x2a,0x20,0x5f,0x34,0x37,0x29,0x20,0x2b,0x20,
    0x30,0x2e,0x35,0x66,0x2e,0x78,0x78,0x29,0x20,0x2f,0x20,0x5f,0x34,0x37,0x29,0x20,
    0x2a,0x20,0x5f,0x34,0x38,0x2e,0x77,0x3b,0x0a,0x20,0x20,0x20,0x20,0x20,0x20,0x20,
    0x20,0x66,0x6c,0x6f,0x61,0x74,0x34,0x20,0x5f,0x31,0x38,0x35,0x20,0x3d,0x20,0x5f,
    0x34,0x38,0x3b,0x0a,0x20,0x20,0x20,0x20,0x20,0x20,0x20,0x20,0x5f,0x31,0x38,0x35,
    0x2e,0x78,0x20,0x3d,0x20,0x5f,0x36,0x35,0x2e,0x78,0x3b,0x0a,0x20,0x20,0x20,0x20,
    0x20,0x20,0x20,0x20,0x5f,0x31,0x38,0x35,0x2e,0x79,0x20,0x3d,0x20,0x5f,0x36,0x35,
    0x2e,0x79,0x3b,0x0a,0x20,0x20,0x20,0x20,0x20,0x20,0x20,0x20,0x63,0x6c,0x69,0x70,
    0x20,0x3d,0x20,0x5f,0x31,0x38,0x35,0x3b,0x0a,0x20,0x20,0x20,0x20,0x7d,0x0a,0x20,
    0x20,0x20,0x20,0x67,0x6c,0x5f,0x50,0x6f,0x73,0x69,0x74,0x69,0x6f,0x6e,0x20,0x3d,
    0x20,0x63,0x6c,0x69,0x70,0x3b,0x0a,0x20,0x20,0x20,0x20,0x73,0x68,0x61,0x64,0x65,
    0x20,0x3d,0x20,0x5f,0x31,0x33,0x5f,0x63,0x6f,0x6c,0x6f,0x72,0x2e,0x78,0x79,0x7a,
    0x20,0x2a,0x20,0x6c,0x65,0x72,0x70,0x28,0x66,0x6c,0x6f,0x61,0x74,0x33,0x28,0x30,
    0x2e,0x34,0x31,0x39,0x39,0x39,0x39,0x39,0x38,0x36,0x38,0x38,0x36,0x39,0x37,0x38,
    0x31,0x34,0x39,0x34,0x31,0x34,0x30,0x36,0x32,0x35,0x66,0x2c,0x20,0x30,0x2e,0x34,
    0x33,0x39,0x39,0x39,0x39,0x39,0x39,0x37,0x36,0x31,0x35,0x38,0x31,0x34,0x32,0x30,
    0x38,0x39,0x38,0x34,0x33,0x37,0x35,0x66,0x2c,0x20,0x30,0x2e,0x35,0x35,0x30,0x30,
    0x30,0x30,0x30,0x31,0x31,0x39,0x32,0x30,0x39,0x32,0x38,0x39,0x35,0x35,0x30,0x37,
    0x38,0x31,0x32,0x35,0x66,0x29,0x2c,0x20,0x31,0x2e,0x30,0x34,0x39,0x39,0x39,0x39,
    0x39,0x35,0x32,0x33,0x31,0x36,0x32,0x38,0x34,0x31,0x37,0x39,0x36,0x38,0x37,0x35,
    0x66,0x2e,0x78,0x78,0x78,0x2c,0x20,0x6d,0x61,0x78,0x28,0x64,0x6f,0x74,0x28,0x6e,
    0x6f,0x72,0x6d,0x61,0x6c,0x69,0x7a,0x65,0x28,0x66,0x6c,0x6f,0x61,0x74,0x33,0x28,
    0x28,0x5f,0x31,0x33,0x5f,0x72,0x6f,0x74,0x5f,0x72,0x65,0x70,0x2e,0x78,0x20,0x2a,
    0x20,0x6e,0x72,0x6d,0x2e,0x78,0x29,0x20,0x2b,0x20,0x28,0x5f,0x31,0x33,0x5f,0x72,
    0x6f,0x74,0x5f,0x72,0x65,0x70,0x2e,0x79,0x20,0x2a,0x20,0x6e,0x72,0x6d,0x2e,0x7a,
    0x29,0x2c,0x20,0x6e,0x72,0x6d,0x2e,0x79,0x2c,0x20,0x28,0x28,0x2d,0x5f,0x31,0x33,
    0x5f,0x72,0x6f,0x74,0x5f,0x72,0x65,0x70,0x2e,0x79,0x29,0x20,0x2a,0x20,0x6e,0x72,
    0x6d,0x2e,0x78,0x29,0x20,0x2b,0x20,0x28,0x5f,0x31,0x33,0x5f,0x72,0x6f,0x74,0x5f,
    0x72,0x65,0x70,0x2e,0x78,0x20,0x2a,0x20,0x6e,0x72,0x6d,0x2e,0x7a,0x29,0x29,0x29,
    0x2c,0x20,0x66,0x6c,0x6f,0x61,0x74,0x33,0x28,0x30,0x2e,0x34,0x33,0x31,0x39,0x33,
    0x34,0x32,0x30,0x37,0x36,0x37,0x37,0x38,0x34,0x31,0x31,0x38,0x36,0x35,0x32,0x33,
    0x34,0x33,0x37,0x35,0x66,0x2c,0x20,0x30,0x2e,0x38,0x36,0x33,0x38,0x36,0x38,0x34,
    0x31,0x35,0x33,0x35,0x35,0x36,0x38,0x32,0x33,0x37,0x33,0x30,0x34,0x36,0x38,0x37,
    0x35,0x66,0x2c,0x20,0x30,0x2e,0x32,0x35,0x39,0x31,0x36,0x30,0x35,0x31,0x38,0x36,
    0x34,0x36,0x32,0x34,0x30,0x32,0x33,0x34,0x33,0x37,0x35,0x66,0x29,0x29,0x2c,0x20,
    0x30,0x2e,0x30,0x66,0x29,0x2e,0x78,0x78,0x78,0x29,0x3b,0x0a,0x20,0x20,0x20,0x20,
    0x66,0x6c,0x6f,0x61,0x74,0x20,0x5f,0x31,0x34,0x33,0x20,0x3d,0x20,0x6c,0x65,0x72,
    0x70,0x28,0x31,0x2e,0x30,0x66,0x2c,0x20,0x63,0x6c,0x69,0x70,0x2e,0x77,0x2c,0x20,
    0x5f,0x31,0x33,0x5f,0x72,0x65,0x73,0x5f,0x66,0x6c,0x61,0x67,0x73,0x2e,0x77,0x29,
    0x3b,0x0a,0x20,0x20,0x20,0x20,0x75,0x76,0x5f,0x77,0x20,0x3d,0x20,0x28,0x74,0x65,
    0x78,0x63,0x6f,0x6f,0x72,0x64,0x30,0x20,0x2a,0x20,0x5f,0x31,0x33,0x5f,0x72,0x6f,
    0x74,0x5f,0x72,0x65,0x70,0x2e,0x7a,0x29,0x20,0x2a,0x20,0x5f,0x31,0x34,0x33,0x3b,
    0x0a,0x20,0x20,0x20,0x20,0x77,0x5f,0x6f,0x75,0x74,0x20,0x3d,0x20,0x5f,0x31,0x34,
    0x33,0x3b,0x0a,0x20,0x20,0x20,0x20,0x66,0x6f,0x67,0x5f,0x66,0x20,0x3d,0x20,0x63,
    0x6c,0x61,0x6d,0x70,0x28,0x28,0x28,0x2d,0x6d,0x75,0x6c,0x28,0x5f,0x32,0x37,0x2c,
    0x20,0x5f,0x31,0x33,0x5f,0x6d,0x76,0x29,0x2e,0x7a,0x29,0x20,0x2d,0x20,0x5f,0x31,
    0x33,0x5f,0x66,0x6f,0x67,0x2e,0x78,0x29,0x20,0x2f,0x20,0x28,0x5f,0x31,0x33,0x5f,
    0x66,0x6f,0x67,0x2e,0x79,0x20,0x2d,0x20,0x5f,0x31,0x33,0x5f,0x66,0x6f,0x67,0x2e,
    0x78,0x29,0x2c,0x20,0x30,0x2e,0x30,0x66,0x2c,0x20,0x31,0x2e,0x30,0x66,0x29,0x3b,
    0x0a,0x7d,0x0a,0x0a,0x53,0x50,0x49,0x52,0x56,0x5f,0x43,0x72,0x6f,0x73,0x73,0x5f,
    0x4f,0x75,0x74,0x70,0x75,0x74,0x20,0x6d,0x61,0x69,0x6e,0x28,0x53,0x50,0x49,0x52,
    0x56,0x5f,0x43,0x72,0x6f,0x73,0x73,0x5f,0x49,0x6e,0x70,0x75,0x74,0x20,0x73,0x74,
    0x61,0x67,0x65,0x5f,0x69,0x6e,0x70,0x75,0x74,0x29,0x0a,0x7b,0x0a,0x20,0x20,0x20,
    0x20,0x70,0x6f,0x73,0x20,0x3d,0x20,0x73,0x74,0x61,0x67,0x65,0x5f,0x69,0x6e,0x70,
    0x75,0x74,0x2e,0x70,0x6f,0x73,0x3b,0x0a,0x20,0x20,0x20,0x20,0x6e,0x72,0x6d,0x20,
    0x3d,0x20,0x73,0x74,0x61,0x67,0x65,0x5f,0x69,0x6e,0x70,0x75,0x74,0x2e,0x6e,0x72,
    0x6d,0x3b,0x0a,0x20,0x20,0x20,0x20,0x74,0x65,0x78,0x63,0x6f,0x6f,0x72,0x64,0x30,
    0x20,0x3d,0x20,0x73,0x74,0x61,0x67,0x65,0x5f,0x69,0x6e,0x70,0x75,0x74,0x2e,0x74,
    0x65,0x78,0x63,0x6f,0x6f,0x72,0x64,0x30,0x3b,0x0a,0x20,0x20,0x20,0x20,0x76,0x65,
    0x72,0x74,0x5f,0x6d,0x61,0x69,0x6e,0x28,0x29,0x3b,0x0a,0x20,0x20,0x20,0x20,0x53,
    0x50,0x49,0x52,0x56,0x5f,0x43,0x72,0x6f,0x73,0x73,0x5f,0x4f,0x75,0x74,0x70,0x75,
    0x74,0x20,0x73,0x74,0x61,0x67,0x65,0x5f,0x6f,0x75,0x74,0x70,0x75,0x74,0x3b,0x0a,
    0x20,0x20,0x20,0x20,0x73,0x74,0x61,0x67,0x65,0x5f,0x6f,0x75,0x74,0x70,0x75,0x74,
    0x2e,0x67,0x6c,0x5f,0x50,0x6f,0x73,0x69,0x74,0x69,0x6f,0x6e,0x20,0x3d,0x20,0x67,
    0x6c,0x5f,0x50,0x6f,0x73,0x69,0x74,0x69,0x6f,0x6e,0x3b,0x0a,0x20,0x20,0x20,0x20,
    0x73,0x74,0x61,0x67,0x65,0x5f,0x6f,0x75,0x74,0x70,0x75,0x74,0x2e,0x73,0x68,0x61,
    0x64,0x65,0x20,0x3d,0x20,0x73,0x68,0x61,0x64,0x65,0x3b,0x0a,0x20,0x20,0x20,0x20,
    0x73,0x74,0x61,0x67,0x65,0x5f,0x6f,0x75,0x74,0x70,0x75,0x74,0x2e,0x75,0x76,0x5f,
    0x77,0x20,0x3d,0x20,0x75,0x76,0x5f,0x77,0x3b,0x0a,0x20,0x20,0x20,0x20,0x73,0x74,
    0x61,0x67,0x65,0x5f,0x6f,0x75,0x74,0x70,0x75,0x74,0x2e,0x77,0x5f,0x6f,0x75,0x74,
    0x20,0x3d,0x20,0x77,0x5f,0x6f,0x75,0x74,0x3b,0x0a,0x20,0x20,0x20,0x20,0x73,0x74,
    0x61,0x67,0x65,0x5f,0x6f,0x75,0x74,0x70,0x75,0x74,0x2e,0x66,0x6f,0x67,0x5f,0x66,
    0x20,0x3d,0x20,0x66,0x6f,0x67,0x5f,0x66,0x3b,0x0a,0x20,0x20,0x20,0x20,0x72,0x65,
    0x74,0x75,0x72,0x6e,0x20,0x73,0x74,0x61,0x67,0x65,0x5f,0x6f,0x75,0x74,0x70,0x75,
    0x74,0x3b,0x0a,0x7d,0x0a,0x00,
};
/*
    cbuffer fs_params : register(b1)
    {
        float4 _82_fog_color : packoffset(c0);
    };

    Texture2D<float4> tex : register(t0);
    SamplerState smp : register(s0);

    static float4 gl_FragCoord;
    static float2 uv_w;
    static float w_out;
    static float3 shade;
    static float fog_f;
    static float4 frag_color;

    struct SPIRV_Cross_Input
    {
        float2 uv_w : TEXCOORD0;
        float w_out : TEXCOORD1;
        float3 shade : TEXCOORD2;
        float fog_f : TEXCOORD3;
        float4 gl_FragCoord : SV_Position;
    };

    struct SPIRV_Cross_Output
    {
        float4 frag_color : SV_Target0;
    };

    float b2(inout float2 a)
    {
        a = floor(a);
        return frac((a.x * 0.5f) + ((a.y * a.y) * 0.75f));
    }

    float b4(float2 a)
    {
        float2 param = a * 0.5f;
        float _40 = b2(param);
        float2 param_1 = a;
        float _45 = b2(param_1);
        return (_40 * 0.25f) + _45;
    }

    void frag_main()
    {
        float3 c = lerp(shade * tex.Sample(smp, uv_w / w_out.xx).xyz, _82_fog_color.xyz, fog_f.xxx);
        if (_82_fog_color.w > 0.5f)
        {
            float2 param = gl_FragCoord.xy;
            c = floor((c * 15.0f) + b4(param).xxx) * 0.066666670143604278564453125f.xxx;
        }
        frag_color = float4(c, 1.0f);
    }

    SPIRV_Cross_Output main(SPIRV_Cross_Input stage_input)
    {
        gl_FragCoord = stage_input.gl_FragCoord;
        gl_FragCoord.w = 1.0 / gl_FragCoord.w;
        uv_w = stage_input.uv_w;
        w_out = stage_input.w_out;
        shade = stage_input.shade;
        fog_f = stage_input.fog_f;
        frag_main();
        SPIRV_Cross_Output stage_output;
        stage_output.frag_color = frag_color;
        return stage_output;
    }
*/
static const uint8_t fs_source_hlsl5[1526] = {
    0x63,0x62,0x75,0x66,0x66,0x65,0x72,0x20,0x66,0x73,0x5f,0x70,0x61,0x72,0x61,0x6d,
    0x73,0x20,0x3a,0x20,0x72,0x65,0x67,0x69,0x73,0x74,0x65,0x72,0x28,0x62,0x31,0x29,
    0x0a,0x7b,0x0a,0x20,0x20,0x20,0x20,0x66,0x6c,0x6f,0x61,0x74,0x34,0x20,0x5f,0x38,
    0x32,0x5f,0x66,0x6f,0x67,0x5f,0x63,0x6f,0x6c,0x6f,0x72,0x20,0x3a,0x20,0x70,0x61,
    0x63,0x6b,0x6f,0x66,0x66,0x73,0x65,0x74,0x28,0x63,0x30,0x29,0x3b,0x0a,0x7d,0x3b,
    0x0a,0x0a,0x54,0x65,0x78,0x74,0x75,0x72,0x65,0x32,0x44,0x3c,0x66,0x6c,0x6f,0x61,
    0x74,0x34,0x3e,0x20,0x74,0x65,0x78,0x20,0x3a,0x20,0x72,0x65,0x67,0x69,0x73,0x74,
    0x65,0x72,0x28,0x74,0x30,0x29,0x3b,0x0a,0x53,0x61,0x6d,0x70,0x6c,0x65,0x72,0x53,
    0x74,0x61,0x74,0x65,0x20,0x73,0x6d,0x70,0x20,0x3a,0x20,0x72,0x65,0x67,0x69,0x73,
    0x74,0x65,0x72,0x28,0x73,0x30,0x29,0x3b,0x0a,0x0a,0x73,0x74,0x61,0x74,0x69,0x63,
    0x20,0x66,0x6c,0x6f,0x61,0x74,0x34,0x20,0x67,0x6c,0x5f,0x46,0x72,0x61,0x67,0x43,
    0x6f,0x6f,0x72,0x64,0x3b,0x0a,0x73,0x74,0x61,0x74,0x69,0x63,0x20,0x66,0x6c,0x6f,
    0x61,0x74,0x32,0x20,0x75,0x76,0x5f,0x77,0x3b,0x0a,0x73,0x74,0x61,0x74,0x69,0x63,
    0x20,0x66,0x6c,0x6f,0x61,0x74,0x20,0x77,0x5f,0x6f,0x75,0x74,0x3b,0x0a,0x73,0x74,
    0x61,0x74,0x69,0x63,0x20,0x66,0x6c,0x6f,0x61,0x74,0x33,0x20,0x73,0x68,0x61,0x64,
    0x65,0x3b,0x0a,0x73,0x74,0x61,0x74,0x69,0x63,0x20,0x66,0x6c,0x6f,0x61,0x74,0x20,
    0x66,0x6f,0x67,0x5f,0x66,0x3b,0x0a,0x73,0x74,0x61,0x74,0x69,0x63,0x20,0x66,0x6c,
    0x6f,0x61,0x74,0x34,0x20,0x66,0x72,0x61,0x67,0x5f,0x63,0x6f,0x6c,0x6f,0x72,0x3b,
    0x0a,0x0a,0x73,0x74,0x72,0x75,0x63,0x74,0x20,0x53,0x50,0x49,0x52,0x56,0x5f,0x43,
    0x72,0x6f,0x73,0x73,0x5f,0x49,0x6e,0x70,0x75,0x74,0x0a,0x7b,0x0a,0x20,0x20,0x20,
    0x20,0x66,0x6c,0x6f,0x61,0x74,0x32,0x20,0x75,0x76,0x5f,0x77,0x20,0x3a,0x20,0x54,
    0x45,0x58,0x43,0x4f,0x4f,0x52,0x44,0x30,0x3b,0x0a,0x20,0x20,0x20,0x20,0x66,0x6c,
    0x6f,0x61,0x74,0x20,0x77,0x5f,0x6f,0x75,0x74,0x20,0x3a,0x20,0x54,0x45,0x58,0x43,
    0x4f,0x4f,0x52,0x44,0x31,0x3b,0x0a,0x20,0x20,0x20,0x20,0x66,0x6c,0x6f,0x61,0x74,
    0x33,0x20,0x73,0x68,0x61,0x64,0x65,0x20,0x3a,0x20,0x54,0x45,0x58,0x43,0x4f,0x4f,
    0x52,0x44,0x32,0x3b,0x0a,0x20,0x20,0x20,0x20,0x66,0x6c,0x6f,0x61,0x74,0x20,0x66,
    0x6f,0x67,0x5f,0x66,0x20,0x3a,0x20,0x54,0x45,0x58,0x43,0x4f,0x4f,0x52,0x44,0x33,
    0x3b,0x0a,0x20,0x20,0x20,0x20,0x66,0x6c,0x6f,0x61,0x74,0x34,0x20,0x67,0x6c,0x5f,
    0x46,0x72,0x61,0x67,0x43,0x6f,0x6f,0x72,0x64,0x20,0x3a,0x20,0x53,0x56,0x5f,0x50,
    0x6f,0x73,0x69,0x74,0x69,0x6f,0x6e,0x3b,0x0a,0x7d,0x3b,0x0a,0x0a,0x73,0x74,0x72,
    0x75,0x63,0x74,0x20,0x53,0x50,0x49,0x52,0x56,0x5f,0x43,0x72,0x6f,0x73,0x73,0x5f,
    0x4f,0x75,0x74,0x70,0x75,0x74,0x0a,0x7b,0x0a,0x20,0x20,0x20,0x20,0x66,0x6c,0x6f,
    0x61,0x74,0x34,0x20,0x66,0x72,0x61,0x67,0x5f,0x63,0x6f,0x6c,0x6f,0x72,0x20,0x3a,
    0x20,0x53,0x56,0x5f,0x54,0x61,0x72,0x67,0x65,0x74,0x30,0x3b,0x0a,0x7d,0x3b,0x0a,
    0x0a,0x66,0x6c,0x6f,0x61,0x74,0x20,0x62,0x32,0x28,0x69,0x6e,0x6f,0x75,0x74,0x20,
    0x66,0x6c,0x6f,0x61,0x74,0x32,0x20,0x61,0x29,0x0a,0x7b,0x0a,0x20,0x20,0x20,0x20,
    0x61,0x20,0x3d,0x20,0x66,0x6c,0x6f,0x6f,0x72,0x28,0x61,0x29,0x3b,0x0a,0x20,0x20,
    0x20,0x20,0x72,0x65,0x74,0x75,0x72,0x6e,0x20,0x66,0x72,0x61,0x63,0x28,0x28,0x61,
    0x2e,0x78,0x20,0x2a,0x20,0x30,0x2e,0x35,0x66,0x29,0x20,0x2b,0x20,0x28,0x28,0x61,
    0x2e,0x79,0x20,0x2a,0x20,0x61,0x2e,0x79,0x29,0x20,0x2a,0x20,0x30,0x2e,0x37,0x35,
    0x66,0x29,0x29,0x3b,0x0a,0x7d,0x0a,0x0a,0x66,0x6c,0x6f,0x61,0x74,0x20,0x62,0x34,
    0x28,0x66,0x6c,0x6f,0x61,0x74,0x32,0x20,0x61,0x29,0x0a,0x7b,0x0a,0x20,0x20,0x20,
    0x20,0x66,0x6c,0x6f,0x61,0x74,0x32,0x20,0x70,0x61,0x72,0x61,0x6d,0x20,0x3d,0x20,
    0x61,0x20,0x2a,0x20,0x30,0x2e,0x35,0x66,0x3b,0x0a,0x20,0x20,0x20,0x20,0x66,0x6c,
    0x6f,0x61,0x74,0x20,0x5f,0x34,0x30,0x20,0x3d,0x20,0x62,0x32,0x28,0x70,0x61,0x72,
    0x61,0x6d,0x29,0x3b,0x0a,0x20,0x20,0x20,0x20,0x66,0x6c,0x6f,0x61,0x74,0x32,0x20,
    0x70,0x61,0x72,0x61,0x6d,0x5f,0x31,0x20,0x3d,0x20,0x61,0x3b,0x0a,0x20,0x20,0x20,
    0x20,0x66,0x6c,0x6f,0x61,0x74,0x20,0x5f,0x34,0x35,0x20,0x3d,0x20,0x62,0x32,0x28,
    0x70,0x61,0x72,0x61,0x6d,0x5f,0x31,0x29,0x3b,0x0a,0x20,0x20,0x20,0x20,0x72,0x65,
    0x74,0x75,0x72,0x6e,0x20,0x28,0x5f,0x34,0x30,0x20,0x2a,0x20,0x30,0x2e,0x32,0x35,
    0x66,0x29,0x20,0x2b,0x20,0x5f,0x34,0x35,0x3b,0x0a,0x7d,0x0a,0x0a,0x76,0x6f,0x69,
    0x64,0x20,0x66,0x72,0x61,0x67,0x5f,0x6d,0x61,0x69,0x6e,0x28,0x29,0x0a,0x7b,0x0a,
    0x20,0x20,0x20,0x20,0x66,0x6c,0x6f,0x61,0x74,0x33,0x20,0x63,0x20,0x3d,0x20,0x6c,
    0x65,0x72,0x70,0x28,0x73,0x68,0x61,0x64,0x65,0x20,0x2a,0x20,0x74,0x65,0x78,0x2e,
    0x53,0x61,0x6d,0x70,0x6c,0x65,0x28,0x73,0x6d,0x70,0x2c,0x20,0x75,0x76,0x5f,0x77,
    0x20,0x2f,0x20,0x77,0x5f,0x6f,0x75,0x74,0x2e,0x78,0x78,0x29,0x2e,0x78,0x79,0x7a,
    0x2c,0x20,0x5f,0x38,0x32,0x5f,0x66,0x6f,0x67,0x5f,0x63,0x6f,0x6c,0x6f,0x72,0x2e,
    0x78,0x79,0x7a,0x2c,0x20,0x66,0x6f,0x67,0x5f,0x66,0x2e,0x78,0x78,0x78,0x29,0x3b,
    0x0a,0x20,0x20,0x20,0x20,0x69,0x66,0x20,0x28,0x5f,0x38,0x32,0x5f,0x66,0x6f,0x67,
    0x5f,0x63,0x6f,0x6c,0x6f,0x72,0x2e,0x77,0x20,0x3e,0x20,0x30,0x2e,0x35,0x66,0x29,
    0x0a,0x20,0x20,0x20,0x20,0x7b,0x0a,0x20,0x20,0x20,0x20,0x20,0x20,0x20,0x20,0x66,
    0x6c,0x6f,0x61,0x74,0x32,0x20,0x70,0x61,0x72,0x61,0x6d,0x20,0x3d,0x20,0x67,0x6c,
    0x5f,0x46,0x72,0x61,0x67,0x43,0x6f,0x6f,0x72,0x64,0x2e,0x78,0x79,0x3b,0x0a,0x20,
    0x20,0x20,0x20,0x20,0x20,0x20,0x20,0x63,0x20,0x3d,0x20,0x66,0x6c,0x6f,0x6f,0x72,
    0x28,0x28,0x63,0x20,0x2a,0x20,0x31,0x35,0x2e,0x30,0x66,0x29,0x20,0x2b,0x20,0x62,
    0x34,0x28,0x70,0x61,0x72,0x61,0x6d,0x29,0x2e,0x78,0x78,0x78,0x29,0x20,0x2a,0x20,
    0x30,0x2e,0x30,0x36,0x36,0x36,0x36,0x36,0x36,0x37,0x30,0x31,0x34,0x33,0x36,0x30,
    0x34,0x32,0x37,0x38,0x35,0x36,0x34,0x34,0x35,0x33,0x31,0x32,0x35,0x66,0x2e,0x78,
    0x78,0x78,0x3b,0x0a,0x20,0x20,0x20,0x20,0x7d,0x0a,0x20,0x20,0x20,0x20,0x66,0x72,
    0x61,0x67,0x5f,0x63,0x6f,0x6c,0x6f,0x72,0x20,0x3d,0x20,0x66,0x6c,0x6f,0x61,0x74,
    0x34,0x28,0x63,0x2c,0x20,0x31,0x2e,0x30,0x66,0x29,0x3b,0x0a,0x7d,0x0a,0x0a,0x53,
    0x50,0x49,0x52,0x56,0x5f,0x43,0x72,0x6f,0x73,0x73,0x5f,0x4f,0x75,0x74,0x70,0x75,
    0x74,0x20,0x6d,0x61,0x69,0x6e,0x28,0x53,0x50,0x49,0x52,0x56,0x5f,0x43,0x72,0x6f,
    0x73,0x73,0x5f,0x49,0x6e,0x70,0x75,0x74,0x20,0x73,0x74,0x61,0x67,0x65,0x5f,0x69,
    0x6e,0x70,0x75,0x74,0x29,0x0a,0x7b,0x0a,0x20,0x20,0x20,0x20,0x67,0x6c,0x5f,0x46,
    0x72,0x61,0x67,0x43,0x6f,0x6f,0x72,0x64,0x20,0x3d,0x20,0x73,0x74,0x61,0x67,0x65,
    0x5f,0x69,0x6e,0x70,0x75,0x74,0x2e,0x67,0x6c,0x5f,0x46,0x72,0x61,0x67,0x43,0x6f,
    0x6f,0x72,0x64,0x3b,0x0a,0x20,0x20,0x20,0x20,0x67,0x6c,0x5f,0x46,0x72,0x61,0x67,
    0x43,0x6f,0x6f,0x72,0x64,0x2e,0x77,0x20,0x3d,0x20,0x31,0x2e,0x30,0x20,0x2f,0x20,
    0x67,0x6c,0x5f,0x46,0x72,0x61,0x67,0x43,0x6f,0x6f,0x72,0x64,0x2e,0x77,0x3b,0x0a,
    0x20,0x20,0x20,0x20,0x75,0x76,0x5f,0x77,0x20,0x3d,0x20,0x73,0x74,0x61,0x67,0x65,
    0x5f,0x69,0x6e,0x70,0x75,0x74,0x2e,0x75,0x76,0x5f,0x77,0x3b,0x0a,0x20,0x20,0x20,
    0x20,0x77,0x5f,0x6f,0x75,0x74,0x20,0x3d,0x20,0x73,0x74,0x61,0x67,0x65,0x5f,0x69,
    0x6e,0x70,0x75,0x74,0x2e,0x77,0x5f,0x6f,0x75,0x74,0x3b,0x0a,0x20,0x20,0x20,0x20,
    0x73,0x68,0x61,0x64,0x65,0x20,0x3d,0x20,0x73,0x74,0x61,0x67,0x65,0x5f,0x69,0x6e,
    0x70,0x75,0x74,0x2e,0x73,0x68,0x61,0x64,0x65,0x3b,0x0a,0x20,0x20,0x20,0x20,0x66,
    0x6f,0x67,0x5f,0x66,0x20,0x3d,0x20,0x73,0x74,0x61,0x67,0x65,0x5f,0x69,0x6e,0x70,
    0x75,0x74,0x2e,0x66,0x6f,0x67,0x5f,0x66,0x3b,0x0a,0x20,0x20,0x20,0x20,0x66,0x72,
    0x61,0x67,0x5f,0x6d,0x61,0x69,0x6e,0x28,0x29,0x3b,0x0a,0x20,0x20,0x20,0x20,0x53,
    0x50,0x49,0x52,0x56,0x5f,0x43,0x72,0x6f,0x73,0x73,0x5f,0x4f,0x75,0x74,0x70,0x75,
    0x74,0x20,0x73,0x74,0x61,0x67,0x65,0x5f,0x6f,0x75,0x74,0x70,0x75,0x74,0x3b,0x0a,
    0x20,0x20,0x20,0x20,0x73,0x74,0x61,0x67,0x65,0x5f,0x6f,0x75,0x74,0x70,0x75,0x74,
    0x2e,0x66,0x72,0x61,0x67,0x5f,0x63,0x6f,0x6c,0x6f,0x72,0x20,0x3d,0x20,0x66,0x72,
    0x61,0x67,0x5f,0x63,0x6f,0x6c,0x6f,0x72,0x3b,0x0a,0x20,0x20,0x20,0x20,0x72,0x65,
    0x74,0x75,0x72,0x6e,0x20,0x73,0x74,0x61,0x67,0x65,0x5f,0x6f,0x75,0x74,0x70,0x75,
    0x74,0x3b,0x0a,0x7d,0x0a,0x00,
};
/*
    cbuffer blit_params : register(b0)
    {
        float4 _39_flip : packoffset(c0);
    };


    static float4 gl_Position;
    static float2 bpos;
    static float2 buv;

    struct SPIRV_Cross_Input
    {
        float2 bpos : TEXCOORD0;
    };

    struct SPIRV_Cross_Output
    {
        float2 buv : TEXCOORD0;
        float4 gl_Position : SV_Position;
    };

    void vert_main()
    {
        gl_Position = float4((bpos * 2.0f) - 1.0f.xx, 0.0f, 1.0f);
        float _47;
        if (_39_flip.x > 0.5f)
        {
            _47 = 1.0f - bpos.y;
        }
        else
        {
            _47 = bpos.y;
        }
        buv = float2(bpos.x, _47);
    }

    SPIRV_Cross_Output main(SPIRV_Cross_Input stage_input)
    {
        bpos = stage_input.bpos;
        vert_main();
        SPIRV_Cross_Output stage_output;
        stage_output.gl_Position = gl_Position;
        stage_output.buv = buv;
        return stage_output;
    }
*/
static const uint8_t blit_vs_source_hlsl5[787] = {
    0x63,0x62,0x75,0x66,0x66,0x65,0x72,0x20,0x62,0x6c,0x69,0x74,0x5f,0x70,0x61,0x72,
    0x61,0x6d,0x73,0x20,0x3a,0x20,0x72,0x65,0x67,0x69,0x73,0x74,0x65,0x72,0x28,0x62,
    0x30,0x29,0x0a,0x7b,0x0a,0x20,0x20,0x20,0x20,0x66,0x6c,0x6f,0x61,0x74,0x34,0x20,
    0x5f,0x33,0x39,0x5f,0x66,0x6c,0x69,0x70,0x20,0x3a,0x20,0x70,0x61,0x63,0x6b,0x6f,
    0x66,0x66,0x73,0x65,0x74,0x28,0x63,0x30,0x29,0x3b,0x0a,0x7d,0x3b,0x0a,0x0a,0x0a,
    0x73,0x74,0x61,0x74,0x69,0x63,0x20,0x66,0x6c,0x6f,0x61,0x74,0x34,0x20,0x67,0x6c,
    0x5f,0x50,0x6f,0x73,0x69,0x74,0x69,0x6f,0x6e,0x3b,0x0a,0x73,0x74,0x61,0x74,0x69,
    0x63,0x20,0x66,0x6c,0x6f,0x61,0x74,0x32,0x20,0x62,0x70,0x6f,0x73,0x3b,0x0a,0x73,
    0x74,0x61,0x74,0x69,0x63,0x20,0x66,0x6c,0x6f,0x61,0x74,0x32,0x20,0x62,0x75,0x76,
    0x3b,0x0a,0x0a,0x73,0x74,0x72,0x75,0x63,0x74,0x20,0x53,0x50,0x49,0x52,0x56,0x5f,
    0x43,0x72,0x6f,0x73,0x73,0x5f,0x49,0x6e,0x70,0x75,0x74,0x0a,0x7b,0x0a,0x20,0x20,
    0x20,0x20,0x66,0x6c,0x6f,0x61,0x74,0x32,0x20,0x62,0x70,0x6f,0x73,0x20,0x3a,0x20,
    0x54,0x45,0x58,0x43,0x4f,0x4f,0x52,0x44,0x30,0x3b,0x0a,0x7d,0x3b,0x0a,0x0a,0x73,
    0x74,0x72,0x75,0x63,0x74,0x20,0x53,0x50,0x49,0x52,0x56,0x5f,0x43,0x72,0x6f,0x73,
    0x73,0x5f,0x4f,0x75,0x74,0x70,0x75,0x74,0x0a,0x7b,0x0a,0x20,0x20,0x20,0x20,0x66,
    0x6c,0x6f,0x61,0x74,0x32,0x20,0x62,0x75,0x76,0x20,0x3a,0x20,0x54,0x45,0x58,0x43,
    0x4f,0x4f,0x52,0x44,0x30,0x3b,0x0a,0x20,0x20,0x20,0x20,0x66,0x6c,0x6f,0x61,0x74,
    0x34,0x20,0x67,0x6c,0x5f,0x50,0x6f,0x73,0x69,0x74,0x69,0x6f,0x6e,0x20,0x3a,0x20,
    0x53,0x56,0x5f,0x50,0x6f,0x73,0x69,0x74,0x69,0x6f,0x6e,0x3b,0x0a,0x7d,0x3b,0x0a,
    0x0a,0x76,0x6f,0x69,0x64,0x20,0x76,0x65,0x72,0x74,0x5f,0x6d,0x61,0x69,0x6e,0x28,
    0x29,0x0a,0x7b,0x0a,0x20,0x20,0x20,0x20,0x67,0x6c,0x5f,0x50,0x6f,0x73,0x69,0x74,
    0x69,0x6f,0x6e,0x20,0x3d,0x20,0x66,0x6c,0x6f,0x61,0x74,0x34,0x28,0x28,0x62,0x70,
    0x6f,0x73,0x20,0x2a,0x20,0x32,0x2e,0x30,0x66,0x29,0x20,0x2d,0x20,0x31,0x2e,0x30,
    0x66,0x2e,0x78,0x78,0x2c,0x20,0x30,0x2e,0x30,0x66,0x2c,0x20,0x31,0x2e,0x30,0x66,
    0x29,0x3b,0x0a,0x20,0x20,0x20,0x20,0x66,0x6c,0x6f,0x61,0x74,0x20,0x5f,0x34,0x37,
    0x3b,0x0a,0x20,0x20,0x20,0x20,0x69,0x66,0x20,0x28,0x5f,0x33,0x39,0x5f,0x66,0x6c,
    0x69,0x70,0x2e,0x78,0x20,0x3e,0x20,0x30,0x2e,0x35,0x66,0x29,0x0a,0x20,0x20,0x20,
    0x20,0x7b,0x0a,0x20,0x20,0x20,0x20,0x20,0x20,0x20,0x20,0x5f,0x34,0x37,0x20,0x3d,
    0x20,0x31,0x2e,0x30,0x66,0x20,0x2d,0x20,0x62,0x70,0x6f,0x73,0x2e,0x79,0x3b,0x0a,
    0x20,0x20,0x20,0x20,0x7d,0x0a,0x20,0x20,0x20,0x20,0x65,0x6c,0x73,0x65,0x0a,0x20,
    0x20,0x20,0x20,0x7b,0x0a,0x20,0x20,0x20,0x20,0x20,0x20,0x20,0x20,0x5f,0x34,0x37,
    0x20,0x3d,0x20,0x62,0x70,0x6f,0x73,0x2e,0x79,0x3b,0x0a,0x20,0x20,0x20,0x20,0x7d,
    0x0a,0x20,0x20,0x20,0x20,0x62,0x75,0x76,0x20,0x3d,0x20,0x66,0x6c,0x6f,0x61,0x74,
    0x32,0x28,0x62,0x70,0x6f,0x73,0x2e,0x78,0x2c,0x20,0x5f,0x34,0x37,0x29,0x3b,0x0a,
    0x7d,0x0a,0x0a,0x53,0x50,0x49,0x52,0x56,0x5f,0x43,0x72,0x6f,0x73,0x73,0x5f,0x4f,
    0x75,0x74,0x70,0x75,0x74,0x20,0x6d,0x61,0x69,0x6e,0x28,0x53,0x50,0x49,0x52,0x56,
    0x5f,0x43,0x72,0x6f,0x73,0x73,0x5f,0x49,0x6e,0x70,0x75,0x74,0x20,0x73,0x74,0x61,
    0x67,0x65,0x5f,0x69,0x6e,0x70,0x75,0x74,0x29,0x0a,0x7b,0x0a,0x20,0x20,0x20,0x20,
    0x62,0x70,0x6f,0x73,0x20,0x3d,0x20,0x73,0x74,0x61,0x67,0x65,0x5f,0x69,0x6e,0x70,
    0x75,0x74,0x2e,0x62,0x70,0x6f,0x73,0x3b,0x0a,0x20,0x20,0x20,0x20,0x76,0x65,0x72,
    0x74,0x5f,0x6d,0x61,0x69,0x6e,0x28,0x29,0x3b,0x0a,0x20,0x20,0x20,0x20,0x53,0x50,
    0x49,0x52,0x56,0x5f,0x43,0x72,0x6f,0x73,0x73,0x5f,0x4f,0x75,0x74,0x70,0x75,0x74,
    0x20,0x73,0x74,0x61,0x67,0x65,0x5f,0x6f,0x75,0x74,0x70,0x75,0x74,0x3b,0x0a,0x20,
    0x20,0x20,0x20,0x73,0x74,0x61,0x67,0x65,0x5f,0x6f,0x75,0x74,0x70,0x75,0x74,0x2e,
    0x67,0x6c,0x5f,0x50,0x6f,0x73,0x69,0x74,0x69,0x6f,0x6e,0x20,0x3d,0x20,0x67,0x6c,
    0x5f,0x50,0x6f,0x73,0x69,0x74,0x69,0x6f,0x6e,0x3b,0x0a,0x20,0x20,0x20,0x20,0x73,
    0x74,0x61,0x67,0x65,0x5f,0x6f,0x75,0x74,0x70,0x75,0x74,0x2e,0x62,0x75,0x76,0x20,
    0x3d,0x20,0x62,0x75,0x76,0x3b,0x0a,0x20,0x20,0x20,0x20,0x72,0x65,0x74,0x75,0x72,
    0x6e,0x20,0x73,0x74,0x61,0x67,0x65,0x5f,0x6f,0x75,0x74,0x70,0x75,0x74,0x3b,0x0a,
    0x7d,0x0a,0x00,
};
/*
    Texture2D<float4> btex : register(t0);
    SamplerState bsmp : register(s0);

    static float4 frag_color;
    static float2 buv;

    struct SPIRV_Cross_Input
    {
        float2 buv : TEXCOORD0;
    };

    struct SPIRV_Cross_Output
    {
        float4 frag_color : SV_Target0;
    };

    void frag_main()
    {
        frag_color = float4(btex.Sample(bsmp, buv).xyz, 1.0f);
    }

    SPIRV_Cross_Output main(SPIRV_Cross_Input stage_input)
    {
        buv = stage_input.buv;
        frag_main();
        SPIRV_Cross_Output stage_output;
        stage_output.frag_color = frag_color;
        return stage_output;
    }
*/
static const uint8_t blit_fs_source_hlsl5[536] = {
    0x54,0x65,0x78,0x74,0x75,0x72,0x65,0x32,0x44,0x3c,0x66,0x6c,0x6f,0x61,0x74,0x34,
    0x3e,0x20,0x62,0x74,0x65,0x78,0x20,0x3a,0x20,0x72,0x65,0x67,0x69,0x73,0x74,0x65,
    0x72,0x28,0x74,0x30,0x29,0x3b,0x0a,0x53,0x61,0x6d,0x70,0x6c,0x65,0x72,0x53,0x74,
    0x61,0x74,0x65,0x20,0x62,0x73,0x6d,0x70,0x20,0x3a,0x20,0x72,0x65,0x67,0x69,0x73,
    0x74,0x65,0x72,0x28,0x73,0x30,0x29,0x3b,0x0a,0x0a,0x73,0x74,0x61,0x74,0x69,0x63,
    0x20,0x66,0x6c,0x6f,0x61,0x74,0x34,0x20,0x66,0x72,0x61,0x67,0x5f,0x63,0x6f,0x6c,
    0x6f,0x72,0x3b,0x0a,0x73,0x74,0x61,0x74,0x69,0x63,0x20,0x66,0x6c,0x6f,0x61,0x74,
    0x32,0x20,0x62,0x75,0x76,0x3b,0x0a,0x0a,0x73,0x74,0x72,0x75,0x63,0x74,0x20,0x53,
    0x50,0x49,0x52,0x56,0x5f,0x43,0x72,0x6f,0x73,0x73,0x5f,0x49,0x6e,0x70,0x75,0x74,
    0x0a,0x7b,0x0a,0x20,0x20,0x20,0x20,0x66,0x6c,0x6f,0x61,0x74,0x32,0x20,0x62,0x75,
    0x76,0x20,0x3a,0x20,0x54,0x45,0x58,0x43,0x4f,0x4f,0x52,0x44,0x30,0x3b,0x0a,0x7d,
    0x3b,0x0a,0x0a,0x73,0x74,0x72,0x75,0x63,0x74,0x20,0x53,0x50,0x49,0x52,0x56,0x5f,
    0x43,0x72,0x6f,0x73,0x73,0x5f,0x4f,0x75,0x74,0x70,0x75,0x74,0x0a,0x7b,0x0a,0x20,
    0x20,0x20,0x20,0x66,0x6c,0x6f,0x61,0x74,0x34,0x20,0x66,0x72,0x61,0x67,0x5f,0x63,
    0x6f,0x6c,0x6f,0x72,0x20,0x3a,0x20,0x53,0x56,0x5f,0x54,0x61,0x72,0x67,0x65,0x74,
    0x30,0x3b,0x0a,0x7d,0x3b,0x0a,0x0a,0x76,0x6f,0x69,0x64,0x20,0x66,0x72,0x61,0x67,
    0x5f,0x6d,0x61,0x69,0x6e,0x28,0x29,0x0a,0x7b,0x0a,0x20,0x20,0x20,0x20,0x66,0x72,
    0x61,0x67,0x5f,0x63,0x6f,0x6c,0x6f,0x72,0x20,0x3d,0x20,0x66,0x6c,0x6f,0x61,0x74,
    0x34,0x28,0x62,0x74,0x65,0x78,0x2e,0x53,0x61,0x6d,0x70,0x6c,0x65,0x28,0x62,0x73,
    0x6d,0x70,0x2c,0x20,0x62,0x75,0x76,0x29,0x2e,0x78,0x79,0x7a,0x2c,0x20,0x31,0x2e,
    0x30,0x66,0x29,0x3b,0x0a,0x7d,0x0a,0x0a,0x53,0x50,0x49,0x52,0x56,0x5f,0x43,0x72,
    0x6f,0x73,0x73,0x5f,0x4f,0x75,0x74,0x70,0x75,0x74,0x20,0x6d,0x61,0x69,0x6e,0x28,
    0x53,0x50,0x49,0x52,0x56,0x5f,0x43,0x72,0x6f,0x73,0x73,0x5f,0x49,0x6e,0x70,0x75,
    0x74,0x20,0x73,0x74,0x61,0x67,0x65,0x5f,0x69,0x6e,0x70,0x75,0x74,0x29,0x0a,0x7b,
    0x0a,0x20,0x20,0x20,0x20,0x62,0x75,0x76,0x20,0x3d,0x20,0x73,0x74,0x61,0x67,0x65,
    0x5f,0x69,0x6e,0x70,0x75,0x74,0x2e,0x62,0x75,0x76,0x3b,0x0a,0x20,0x20,0x20,0x20,
    0x66,0x72,0x61,0x67,0x5f,0x6d,0x61,0x69,0x6e,0x28,0x29,0x3b,0x0a,0x20,0x20,0x20,
    0x20,0x53,0x50,0x49,0x52,0x56,0x5f,0x43,0x72,0x6f,0x73,0x73,0x5f,0x4f,0x75,0x74,
    0x70,0x75,0x74,0x20,0x73,0x74,0x61,0x67,0x65,0x5f,0x6f,0x75,0x74,0x70,0x75,0x74,
    0x3b,0x0a,0x20,0x20,0x20,0x20,0x73,0x74,0x61,0x67,0x65,0x5f,0x6f,0x75,0x74,0x70,
    0x75,0x74,0x2e,0x66,0x72,0x61,0x67,0x5f,0x63,0x6f,0x6c,0x6f,0x72,0x20,0x3d,0x20,
    0x66,0x72,0x61,0x67,0x5f,0x63,0x6f,0x6c,0x6f,0x72,0x3b,0x0a,0x20,0x20,0x20,0x20,
    0x72,0x65,0x74,0x75,0x72,0x6e,0x20,0x73,0x74,0x61,0x67,0x65,0x5f,0x6f,0x75,0x74,
    0x70,0x75,0x74,0x3b,0x0a,0x7d,0x0a,0x00,
};
/*
    #include <metal_stdlib>
    #include <simd/simd.h>

    using namespace metal;

    struct vs_params
    {
        float4x4 mvp;
        float4x4 mv;
        float4 color;
        float4 rot_rep;
        float4 res_flags;
        float4 fog;
    };

    struct main0_out
    {
        float2 uv_w [[user(locn0)]];
        float w_out [[user(locn1)]];
        float3 shade [[user(locn2)]];
        float fog_f [[user(locn3)]];
        float4 gl_Position [[position]];
    };

    struct main0_in
    {
        float3 pos [[attribute(0)]];
        float3 nrm [[attribute(1)]];
        float2 texcoord0 [[attribute(2)]];
    };

    vertex main0_out main0(main0_in in [[stage_in]], constant vs_params& _13 [[buffer(0)]])
    {
        main0_out out = {};
        float4 _27 = float4(in.pos, 1.0);
        float4 clip = _13.mvp * _27;
        if (_13.res_flags.z > 0.5)
        {
            float2 _47 = _13.res_flags.xy * 0.5;
            float4 _48 = clip;
            float2 _65 = (floor(((_48.xy / float2(_48.w)) * _47) + float2(0.5)) / _47) * _48.w;
            float4 _185 = _48;
            _185.x = _65.x;
            _185.y = _65.y;
            clip = _185;
        }
        out.gl_Position = clip;
        out.shade = _13.color.xyz * mix(float3(0.4199999868869781494140625, 0.439999997615814208984375, 0.550000011920928955078125), float3(1.0499999523162841796875), float3(fast::max(dot(fast::normalize(float3((_13.rot_rep.x * in.nrm.x) + (_13.rot_rep.y * in.nrm.z), in.nrm.y, ((-_13.rot_rep.y) * in.nrm.x) + (_13.rot_rep.x * in.nrm.z))), float3(0.4319342076778411865234375, 0.863868415355682373046875, 0.259160518646240234375)), 0.0)));
        float _143 = mix(1.0, clip.w, _13.res_flags.w);
        out.uv_w = (in.texcoord0 * _13.rot_rep.z) * _143;
        out.w_out = _143;
        out.fog_f = fast::clamp(((-(_13.mv * _27).z) - _13.fog.x) / (_13.fog.y - _13.fog.x), 0.0, 1.0);
        return out;
    }

*/
static const uint8_t vs_source_metal_macos[1725] = {
    0x23,0x69,0x6e,0x63,0x6c,0x75,0x64,0x65,0x20,0x3c,0x6d,0x65,0x74,0x61,0x6c,0x5f,
    0x73,0x74,0x64,0x6c,0x69,0x62,0x3e,0x0a,0x23,0x69,0x6e,0x63,0x6c,0x75,0x64,0x65,
    0x20,0x3c,0x73,0x69,0x6d,0x64,0x2f,0x73,0x69,0x6d,0x64,0x2e,0x68,0x3e,0x0a,0x0a,
    0x75,0x73,0x69,0x6e,0x67,0x20,0x6e,0x61,0x6d,0x65,0x73,0x70,0x61,0x63,0x65,0x20,
    0x6d,0x65,0x74,0x61,0x6c,0x3b,0x0a,0x0a,0x73,0x74,0x72,0x75,0x63,0x74,0x20,0x76,
    0x73,0x5f,0x70,0x61,0x72,0x61,0x6d,0x73,0x0a,0x7b,0x0a,0x20,0x20,0x20,0x20,0x66,
    0x6c,0x6f,0x61,0x74,0x34,0x78,0x34,0x20,0x6d,0x76,0x70,0x3b,0x0a,0x20,0x20,0x20,
    0x20,0x66,0x6c,0x6f,0x61,0x74,0x34,0x78,0x34,0x20,0x6d,0x76,0x3b,0x0a,0x20,0x20,
    0x20,0x20,0x66,0x6c,0x6f,0x61,0x74,0x34,0x20,0x63,0x6f,0x6c,0x6f,0x72,0x3b,0x0a,
    0x20,0x20,0x20,0x20,0x66,0x6c,0x6f,0x61,0x74,0x34,0x20,0x72,0x6f,0x74,0x5f,0x72,
    0x65,0x70,0x3b,0x0a,0x20,0x20,0x20,0x20,0x66,0x6c,0x6f,0x61,0x74,0x34,0x20,0x72,
    0x65,0x73,0x5f,0x66,0x6c,0x61,0x67,0x73,0x3b,0x0a,0x20,0x20,0x20,0x20,0x66,0x6c,
    0x6f,0x61,0x74,0x34,0x20,0x66,0x6f,0x67,0x3b,0x0a,0x7d,0x3b,0x0a,0x0a,0x73,0x74,
    0x72,0x75,0x63,0x74,0x20,0x6d,0x61,0x69,0x6e,0x30,0x5f,0x6f,0x75,0x74,0x0a,0x7b,
    0x0a,0x20,0x20,0x20,0x20,0x66,0x6c,0x6f,0x61,0x74,0x32,0x20,0x75,0x76,0x5f,0x77,
    0x20,0x5b,0x5b,0x75,0x73,0x65,0x72,0x28,0x6c,0x6f,0x63,0x6e,0x30,0x29,0x5d,0x5d,
    0x3b,0x0a,0x20,0x20,0x20,0x20,0x66,0x6c,0x6f,0x61,0x74,0x20,0x77,0x5f,0x6f,0x75,
    0x74,0x20,0x5b,0x5b,0x75,0x73,0x65,0x72,0x28,0x6c,0x6f,0x63,0x6e,0x31,0x29,0x5d,
    0x5d,0x3b,0x0a,0x20,0x20,0x20,0x20,0x66,0x6c,0x6f,0x61,0x74,0x33,0x20,0x73,0x68,
    0x61,0x64,0x65,0x20,0x5b,0x5b,0x75,0x73,0x65,0x72,0x28,0x6c,0x6f,0x63,0x6e,0x32,
    0x29,0x5d,0x5d,0x3b,0x0a,0x20,0x20,0x20,0x20,0x66,0x6c,0x6f,0x61,0x74,0x20,0x66,
    0x6f,0x67,0x5f,0x66,0x20,0x5b,0x5b,0x75,0x73,0x65,0x72,0x28,0x6c,0x6f,0x63,0x6e,
    0x33,0x29,0x5d,0x5d,0x3b,0x0a,0x20,0x20,0x20,0x20,0x66,0x6c,0x6f,0x61,0x74,0x34,
    0x20,0x67,0x6c,0x5f,0x50,0x6f,0x73,0x69,0x74,0x69,0x6f,0x6e,0x20,0x5b,0x5b,0x70,
    0x6f,0x73,0x69,0x74,0x69,0x6f,0x6e,0x5d,0x5d,0x3b,0x0a,0x7d,0x3b,0x0a,0x0a,0x73,
    0x74,0x72,0x75,0x63,0x74,0x20,0x6d,0x61,0x69,0x6e,0x30,0x5f,0x69,0x6e,0x0a,0x7b,
    0x0a,0x20,0x20,0x20,0x20,0x66,0x6c,0x6f,0x61,0x74,0x33,0x20,0x70,0x6f,0x73,0x20,
    0x5b,0x5b,0x61,0x74,0x74,0x72,0x69,0x62,0x75,0x74,0x65,0x28,0x30,0x29,0x5d,0x5d,
    0x3b,0x0a,0x20,0x20,0x20,0x20,0x66,0x6c,0x6f,0x61,0x74,0x33,0x20,0x6e,0x72,0x6d,
    0x20,0x5b,0x5b,0x61,0x74,0x74,0x72,0x69,0x62,0x75,0x74,0x65,0x28,0x31,0x29,0x5d,
    0x5d,0x3b,0x0a,0x20,0x20,0x20,0x20,0x66,0x6c,0x6f,0x61,0x74,0x32,0x20,0x74,0x65,
    0x78,0x63,0x6f,0x6f,0x72,0x64,0x30,0x20,0x5b,0x5b,0x61,0x74,0x74,0x72,0x69,0x62,
    0x75,0x74,0x65,0x28,0x32,0x29,0x5d,0x5d,0x3b,0x0a,0x7d,0x3b,0x0a,0x0a,0x76,0x65,
    0x72,0x74,0x65,0x78,0x20,0x6d,0x61,0x69,0x6e,0x30,0x5f,0x6f,0x75,0x74,0x20,0x6d,
    0x61,0x69,0x6e,0x30,0x28,0x6d,0x61,0x69,0x6e,0x30,0x5f,0x69,0x6e,0x20,0x69,0x6e,
    0x20,0x5b,0x5b,0x73,0x74,0x61,0x67,0x65,0x5f,0x69,0x6e,0x5d,0x5d,0x2c,0x20,0x63,
    0x6f,0x6e,0x73,0x74,0x61,0x6e,0x74,0x20,0x76,0x73,0x5f,0x70,0x61,0x72,0x61,0x6d,
    0x73,0x26,0x20,0x5f,0x31,0x33,0x20,0x5b,0x5b,0x62,0x75,0x66,0x66,0x65,0x72,0x28,
    0x30,0x29,0x5d,0x5d,0x29,0x0a,0x7b,0x0a,0x20,0x20,0x20,0x20,0x6d,0x61,0x69,0x6e,
    0x30,0x5f,0x6f,0x75,0x74,0x20,0x6f,0x75,0x74,0x20,0x3d,0x20,0x7b,0x7d,0x3b,0x0a,
    0x20,0x20,0x20,0x20,0x66,0x6c,0x6f,0x61,0x74,0x34,0x20,0x5f,0x32,0x37,0x20,0x3d,
    0x20,0x66,0x6c,0x6f,0x61,0x74,0x34,0x28,0x69,0x6e,0x2e,0x70,0x6f,0x73,0x2c,0x20,
    0x31,0x2e,0x30,0x29,0x3b,0x0a,0x20,0x20,0x20,0x20,0x66,0x6c,0x6f,0x61,0x74,0x34,
    0x20,0x63,0x6c,0x69,0x70,0x20,0x3d,0x20,0x5f,0x31,0x33,0x2e,0x6d,0x76,0x70,0x20,
    0x2a,0x20,0x5f,0x32,0x37,0x3b,0x0a,0x20,0x20,0x20,0x20,0x69,0x66,0x20,0x28,0x5f,
    0x31,0x33,0x2e,0x72,0x65,0x73,0x5f,0x66,0x6c,0x61,0x67,0x73,0x2e,0x7a,0x20,0x3e,
    0x20,0x30,0x2e,0x35,0x29,0x0a,0x20,0x20,0x20,0x20,0x7b,0x0a,0x20,0x20,0x20,0x20,
    0x20,0x20,0x20,0x20,0x66,0x6c,0x6f,0x61,0x74,0x32,0x20,0x5f,0x34,0x37,0x20,0x3d,
    0x20,0x5f,0x31,0x33,0x2e,0x72,0x65,0x73,0x5f,0x66,0x6c,0x61,0x67,0x73,0x2e,0x78,
    0x79,0x20,0x2a,0x20,0x30,0x2e,0x35,0x3b,0x0a,0x20,0x20,0x20,0x20,0x20,0x20,0x20,
    0x20,0x66,0x6c,0x6f,0x61,0x74,0x34,0x20,0x5f,0x34,0x38,0x20,0x3d,0x20,0x63,0x6c,
    0x69,0x70,0x3b,0x0a,0x20,0x20,0x20,0x20,0x20,0x20,0x20,0x20,0x66,0x6c,0x6f,0x61,
    0x74,0x32,0x20,0x5f,0x36,0x35,0x20,0x3d,0x20,0x28,0x66,0x6c,0x6f,0x6f,0x72,0x28,
    0x28,0x28,0x5f,0x34,0x38,0x2e,0x78,0x79,0x20,0x2f,0x20,0x66,0x6c,0x6f,0x61,0x74,
    0x32,0x28,0x5f,0x34,0x38,0x2e,0x77,0x29,0x29,0x20,0x2a,0x20,0x5f,0x34,0x37,0x29,
    0x20,0x2b,0x20,0x66,0x6c,0x6f,0x61,0x74,0x32,0x28,0x30,0x2e,0x35,0x29,0x29,0x20,
    0x2f,0x20,0x5f,0x34,0x37,0x29,0x20,0x2a,0x20,0x5f,0x34,0x38,0x2e,0x77,0x3b,0x0a,
    0x20,0x20,0x20,0x20,0x20,0x20,0x20,0x20,0x66,0x6c,0x6f,0x61,0x74,0x34,0x20,0x5f,
    0x31,0x38,0x35,0x20,0x3d,0x20,0x5f,0x34,0x38,0x3b,0x0a,0x20,0x20,0x20,0x20,0x20,
    0x20,0x20,0x20,0x5f,0x31,0x38,0x35,0x2e,0x78,0x20,0x3d,0x20,0x5f,0x36,0x35,0x2e,
    0x78,0x3b,0x0a,0x20,0x20,0x20,0x20,0x20,0x20,0x20,0x20,0x5f,0x31,0x38,0x35,0x2e,
    0x79,0x20,0x3d,0x20,0x5f,0x36,0x35,0x2e,0x79,0x3b,0x0a,0x20,0x20,0x20,0x20,0x20,
    0x20,0x20,0x20,0x63,0x6c,0x69,0x70,0x20,0x3d,0x20,0x5f,0x31,0x38,0x35,0x3b,0x0a,
    0x20,0x20,0x20,0x20,0x7d,0x0a,0x20,0x20,0x20,0x20,0x6f,0x75,0x74,0x2e,0x67,0x6c,
    0x5f,0x50,0x6f,0x73,0x69,0x74,0x69,0x6f,0x6e,0x20,0x3d,0x20,0x63,0x6c,0x69,0x70,
    0x3b,0x0a,0x20,0x20,0x20,0x20,0x6f,0x75,0x74,0x2e,0x73,0x68,0x61,0x64,0x65,0x20,
    0x3d,0x20,0x5f,0x31,0x33,0x2e,0x63,0x6f,0x6c,0x6f,0x72,0x2e,0x78,0x79,0x7a,0x20,
    0x2a,0x20,0x6d,0x69,0x78,0x28,0x66,0x6c,0x6f,0x61,0x74,0x33,0x28,0x30,0x2e,0x34,
    0x31,0x39,0x39,0x39,0x39,0x39,0x38,0x36,0x38,0x38,0x36,0x39,0x37,0x38,0x31,0x34,
    0x39,0x34,0x31,0x34,0x30,0x36,0x32,0x35,0x2c,0x20,0x30,0x2e,0x34,0x33,0x39,0x39,
    0x39,0x39,0x39,0x39,0x37,0x36,0x31,0x35,0x38,0x31,0x34,0x32,0x30,0x38,0x39,0x38,
    0x34,0x33,0x37,0x35,0x2c,0x20,0x30,0x2e,0x35,0x35,0x30,0x30,0x30,0x30,0x30,0x31,
    0x31,0x39,0x32,0x30,0x39,0x32,0x38,0x39,0x35,0x35,0x30,0x37,0x38,0x31,0x32,0x35,
    0x29,0x2c,0x20,0x66,0x6c,0x6f,0x61,0x74,0x33,0x28,0x31,0x2e,0x30,0x34,0x39,0x39,
    0x39,0x39,0x39,0x35,0x32,0x33,0x31,0x36,0x32,0x38,0x34,0x31,0x37,0x39,0x36,0x38,
    0x37,0x35,0x29,0x2c,0x20,0x66,0x6c,0x6f,0x61,0x74,0x33,0x28,0x66,0x61,0x73,0x74,
    0x3a,0x3a,0x6d,0x61,0x78,0x28,0x64,0x6f,0x74,0x28,0x66,0x61,0x73,0x74,0x3a,0x3a,
    0x6e,0x6f,0x72,0x6d,0x61,0x6c,0x69,0x7a,0x65,0x28,0x66,0x6c,0x6f,0x61,0x74,0x33,
    0x28,0x28,0x5f,0x31,0x33,0x2e,0x72,0x6f,0x74,0x5f,0x72,0x65,0x70,0x2e,0x78,0x20,
    0x2a,0x20,0x69,0x6e,0x2e,0x6e,0x72,0x6d,0x2e,0x78,0x29,0x20,0x2b,0x20,0x28,0x5f,
    0x31,0x33,0x2e,0x72,0x6f,0x74,0x5f,0x72,0x65,0x70,0x2e,0x79,0x20,0x2a,0x20,0x69,
    0x6e,0x2e,0x6e,0x72,0x6d,0x2e,0x7a,0x29,0x2c,0x20,0x69,0x6e,0x2e,0x6e,0x72,0x6d,
    0x2e,0x79,0x2c,0x20,0x28,0x28,0x2d,0x5f,0x31,0x33,0x2e,0x72,0x6f,0x74,0x5f,0x72,
    0x65,0x70,0x2e,0x79,0x29,0x20,0x2a,0x20,0x69,0x6e,0x2e,0x6e,0x72,0x6d,0x2e,0x78,
    0x29,0x20,0x2b,0x20,0x28,0x5f,0x31,0x33,0x2e,0x72,0x6f,0x74,0x5f,0x72,0x65,0x70,
    0x2e,0x78,0x20,0x2a,0x20,0x69,0x6e,0x2e,0x6e,0x72,0x6d,0x2e,0x7a,0x29,0x29,0x29,
    0x2c,0x20,0x66,0x6c,0x6f,0x61,0x74,0x33,0x28,0x30,0x2e,0x34,0x33,0x31,0x39,0x33,
    0x34,0x32,0x30,0x37,0x36,0x37,0x37,0x38,0x34,0x31,0x31,0x38,0x36,0x35,0x32,0x33,
    0x34,0x33,0x37,0x35,0x2c,0x20,0x30,0x2e,0x38,0x36,0x33,0x38,0x36,0x38,0x34,0x31,
    0x35,0x33,0x35,0x35,0x36,0x38,0x32,0x33,0x37,0x33,0x30,0x34,0x36,0x38,0x37,0x35,
    0x2c,0x20,0x30,0x2e,0x32,0x35,0x39,0x31,0x36,0x30,0x35,0x31,0x38,0x36,0x34,0x36,
    0x32,0x34,0x30,0x32,0x33,0x34,0x33,0x37,0x35,0x29,0x29,0x2c,0x20,0x30,0x2e,0x30,
    0x29,0x29,0x29,0x3b,0x0a,0x20,0x20,0x20,0x20,0x66,0x6c,0x6f,0x61,0x74,0x20,0x5f,
    0x31,0x34,0x33,0x20,0x3d,0x20,0x6d,0x69,0x78,0x28,0x31,0x2e,0x30,0x2c,0x20,0x63,
    0x6c,0x69,0x70,0x2e,0x77,0x2c,0x20,0x5f,0x31,0x33,0x2e,0x72,0x65,0x73,0x5f,0x66,
    0x6c,0x61,0x67,0x73,0x2e,0x77,0x29,0x3b,0x0a,0x20,0x20,0x20,0x20,0x6f,0x75,0x74,
    0x2e,0x75,0x76,0x5f,0x77,0x20,0x3d,0x20,0x28,0x69,0x6e,0x2e,0x74,0x65,0x78,0x63,
    0x6f,0x6f,0x72,0x64,0x30,0x20,0x2a,0x20,0x5f,0x31,0x33,0x2e,0x72,0x6f,0x74,0x5f,
    0x72,0x65,0x70,0x2e,0x7a,0x29,0x20,0x2a,0x20,0x5f,0x31,0x34,0x33,0x3b,0x0a,0x20,
    0x20,0x20,0x20,0x6f,0x75,0x74,0x2e,0x77,0x5f,0x6f,0x75,0x74,0x20,0x3d,0x20,0x5f,
    0x31,0x34,0x33,0x3b,0x0a,0x20,0x20,0x20,0x20,0x6f,0x75,0x74,0x2e,0x66,0x6f,0x67,
    0x5f,0x66,0x20,0x3d,0x20,0x66,0x61,0x73,0x74,0x3a,0x3a,0x63,0x6c,0x61,0x6d,0x70,
    0x28,0x28,0x28,0x2d,0x28,0x5f,0x31,0x33,0x2e,0x6d,0x76,0x20,0x2a,0x20,0x5f,0x32,
    0x37,0x29,0x2e,0x7a,0x29,0x20,0x2d,0x20,0x5f,0x31,0x33,0x2e,0x66,0x6f,0x67,0x2e,
    0x78,0x29,0x20,0x2f,0x20,0x28,0x5f,0x31,0x33,0x2e,0x66,0x6f,0x67,0x2e,0x79,0x20,
    0x2d,0x20,0x5f,0x31,0x33,0x2e,0x66,0x6f,0x67,0x2e,0x78,0x29,0x2c,0x20,0x30,0x2e,
    0x30,0x2c,0x20,0x31,0x2e,0x30,0x29,0x3b,0x0a,0x20,0x20,0x20,0x20,0x72,0x65,0x74,
    0x75,0x72,0x6e,0x20,0x6f,0x75,0x74,0x3b,0x0a,0x7d,0x0a,0x0a,0x00,
};
/*
    #pragma clang diagnostic ignored "-Wmissing-prototypes"

    #include <metal_stdlib>
    #include <simd/simd.h>

    using namespace metal;

    struct fs_params
    {
        float4 fog_color;
    };

    struct main0_out
    {
        float4 frag_color [[color(0)]];
    };

    struct main0_in
    {
        float2 uv_w [[user(locn0)]];
        float w_out [[user(locn1)]];
        float3 shade [[user(locn2)]];
        float fog_f [[user(locn3)]];
    };

    static inline __attribute__((always_inline))
    float b2(thread float2& a)
    {
        a = floor(a);
        return fract((a.x * 0.5) + ((a.y * a.y) * 0.75));
    }

    static inline __attribute__((always_inline))
    float b4(thread const float2& a)
    {
        float2 param = a * 0.5;
        float _40 = b2(param);
        float2 param_1 = a;
        float _45 = b2(param_1);
        return (_40 * 0.25) + _45;
    }

    fragment main0_out main0(main0_in in [[stage_in]], constant fs_params& _82 [[buffer(1)]], texture2d<float> tex [[texture(0)]], sampler smp [[sampler(0)]], float4 gl_FragCoord [[position]])
    {
        main0_out out = {};
        float3 c = mix(in.shade * tex.sample(smp, (in.uv_w / float2(in.w_out))).xyz, _82.fog_color.xyz, float3(in.fog_f));
        if (_82.fog_color.w > 0.5)
        {
            float2 param = gl_FragCoord.xy;
            c = floor((c * 15.0) + float3(b4(param))) * float3(0.066666670143604278564453125);
        }
        out.frag_color = float4(c, 1.0);
        return out;
    }

*/
static const uint8_t fs_source_metal_macos[1324] = {
    0x23,0x70,0x72,0x61,0x67,0x6d,0x61,0x20,0x63,0x6c,0x61,0x6e,0x67,0x20,0x64,0x69,
    0x61,0x67,0x6e,0x6f,0x73,0x74,0x69,0x63,0x20,0x69,0x67,0x6e,0x6f,0x72,0x65,0x64,
    0x20,0x22,0x2d,0x57,0x6d,0x69,0x73,0x73,0x69,0x6e,0x67,0x2d,0x70,0x72,0x6f,0x74,
    0x6f,0x74,0x79,0x70,0x65,0x73,0x22,0x0a,0x0a,0x23,0x69,0x6e,0x63,0x6c,0x75,0x64,
    0x65,0x20,0x3c,0x6d,0x65,0x74,0x61,0x6c,0x5f,0x73,0x74,0x64,0x6c,0x69,0x62,0x3e,
    0x0a,0x23,0x69,0x6e,0x63,0x6c,0x75,0x64,0x65,0x20,0x3c,0x73,0x69,0x6d,0x64,0x2f,
    0x73,0x69,0x6d,0x64,0x2e,0x68,0x3e,0x0a,0x0a,0x75,0x73,0x69,0x6e,0x67,0x20,0x6e,
    0x61,0x6d,0x65,0x73,0x70,0x61,0x63,0x65,0x20,0x6d,0x65,0x74,0x61,0x6c,0x3b,0x0a,
    0x0a,0x73,0x74,0x72,0x75,0x63,0x74,0x20,0x66,0x73,0x5f,0x70,0x61,0x72,0x61,0x6d,
    0x73,0x0a,0x7b,0x0a,0x20,0x20,0x20,0x20,0x66,0x6c,0x6f,0x61,0x74,0x34,0x20,0x66,
    0x6f,0x67,0x5f,0x63,0x6f,0x6c,0x6f,0x72,0x3b,0x0a,0x7d,0x3b,0x0a,0x0a,0x73,0x74,
    0x72,0x75,0x63,0x74,0x20,0x6d,0x61,0x69,0x6e,0x30,0x5f,0x6f,0x75,0x74,0x0a,0x7b,
    0x0a,0x20,0x20,0x20,0x20,0x66,0x6c,0x6f,0x61,0x74,0x34,0x20,0x66,0x72,0x61,0x67,
    0x5f,0x63,0x6f,0x6c,0x6f,0x72,0x20,0x5b,0x5b,0x63,0x6f,0x6c,0x6f,0x72,0x28,0x30,
    0x29,0x5d,0x5d,0x3b,0x0a,0x7d,0x3b,0x0a,0x0a,0x73,0x74,0x72,0x75,0x63,0x74,0x20,
    0x6d,0x61,0x69,0x6e,0x30,0x5f,0x69,0x6e,0x0a,0x7b,0x0a,0x20,0x20,0x20,0x20,0x66,
    0x6c,0x6f,0x61,0x74,0x32,0x20,0x75,0x76,0x5f,0x77,0x20,0x5b,0x5b,0x75,0x73,0x65,
    0x72,0x28,0x6c,0x6f,0x63,0x6e,0x30,0x29,0x5d,0x5d,0x3b,0x0a,0x20,0x20,0x20,0x20,
    0x66,0x6c,0x6f,0x61,0x74,0x20,0x77,0x5f,0x6f,0x75,0x74,0x20,0x5b,0x5b,0x75,0x73,
    0x65,0x72,0x28,0x6c,0x6f,0x63,0x6e,0x31,0x29,0x5d,0x5d,0x3b,0x0a,0x20,0x20,0x20,
    0x20,0x66,0x6c,0x6f,0x61,0x74,0x33,0x20,0x73,0x68,0x61,0x64,0x65,0x20,0x5b,0x5b,
    0x75,0x73,0x65,0x72,0x28,0x6c,0x6f,0x63,0x6e,0x32,0x29,0x5d,0x5d,0x3b,0x0a,0x20,
    0x20,0x20,0x20,0x66,0x6c,0x6f,0x61,0x74,0x20,0x66,0x6f,0x67,0x5f,0x66,0x20,0x5b,
    0x5b,0x75,0x73,0x65,0x72,0x28,0x6c,0x6f,0x63,0x6e,0x33,0x29,0x5d,0x5d,0x3b,0x0a,
    0x7d,0x3b,0x0a,0x0a,0x73,0x74,0x61,0x74,0x69,0x63,0x20,0x69,0x6e,0x6c,0x69,0x6e,
    0x65,0x20,0x5f,0x5f,0x61,0x74,0x74,0x72,0x69,0x62,0x75,0x74,0x65,0x5f,0x5f,0x28,
    0x28,0x61,0x6c,0x77,0x61,0x79,0x73,0x5f,0x69,0x6e,0x6c,0x69,0x6e,0x65,0x29,0x29,
    0x0a,0x66,0x6c,0x6f,0x61,0x74,0x20,0x62,0x32,0x28,0x74,0x68,0x72,0x65,0x61,0x64,
    0x20,0x66,0x6c,0x6f,0x61,0x74,0x32,0x26,0x20,0x61,0x29,0x0a,0x7b,0x0a,0x20,0x20,
    0x20,0x20,0x61,0x20,0x3d,0x20,0x66,0x6c,0x6f,0x6f,0x72,0x28,0x61,0x29,0x3b,0x0a,
    0x20,0x20,0x20,0x20,0x72,0x65,0x74,0x75,0x72,0x6e,0x20,0x66,0x72,0x61,0x63,0x74,
    0x28,0x28,0x61,0x2e,0x78,0x20,0x2a,0x20,0x30,0x2e,0x35,0x29,0x20,0x2b,0x20,0x28,
    0x28,0x61,0x2e,0x79,0x20,0x2a,0x20,0x61,0x2e,0x79,0x29,0x20,0x2a,0x20,0x30,0x2e,
    0x37,0x35,0x29,0x29,0x3b,0x0a,0x7d,0x0a,0x0a,0x73,0x74,0x61,0x74,0x69,0x63,0x20,
    0x69,0x6e,0x6c,0x69,0x6e,0x65,0x20,0x5f,0x5f,0x61,0x74,0x74,0x72,0x69,0x62,0x75,
    0x74,0x65,0x5f,0x5f,0x28,0x28,0x61,0x6c,0x77,0x61,0x79,0x73,0x5f,0x69,0x6e,0x6c,
    0x69,0x6e,0x65,0x29,0x29,0x0a,0x66,0x6c,0x6f,0x61,0x74,0x20,0x62,0x34,0x28,0x74,
    0x68,0x72,0x65,0x61,0x64,0x20,0x63,0x6f,0x6e,0x73,0x74,0x20,0x66,0x6c,0x6f,0x61,
    0x74,0x32,0x26,0x20,0x61,0x29,0x0a,0x7b,0x0a,0x20,0x20,0x20,0x20,0x66,0x6c,0x6f,
    0x61,0x74,0x32,0x20,0x70,0x61,0x72,0x61,0x6d,0x20,0x3d,0x20,0x61,0x20,0x2a,0x20,
    0x30,0x2e,0x35,0x3b,0x0a,0x20,0x20,0x20,0x20,0x66,0x6c,0x6f,0x61,0x74,0x20,0x5f,
    0x34,0x30,0x20,0x3d,0x20,0x62,0x32,0x28,0x70,0x61,0x72,0x61,0x6d,0x29,0x3b,0x0a,
    0x20,0x20,0x20,0x20,0x66,0x6c,0x6f,0x61,0x74,0x32,0x20,0x70,0x61,0x72,0x61,0x6d,
    0x5f,0x31,0x20,0x3d,0x20,0x61,0x3b,0x0a,0x20,0x20,0x20,0x20,0x66,0x6c,0x6f,0x61,
    0x74,0x20,0x5f,0x34,0x35,0x20,0x3d,0x20,0x62,0x32,0x28,0x70,0x61,0x72,0x61,0x6d,
    0x5f,0x31,0x29,0x3b,0x0a,0x20,0x20,0x20,0x20,0x72,0x65,0x74,0x75,0x72,0x6e,0x20,
    0x28,0x5f,0x34,0x30,0x20,0x2a,0x20,0x30,0x2e,0x32,0x35,0x29,0x20,0x2b,0x20,0x5f,
    0x34,0x35,0x3b,0x0a,0x7d,0x0a,0x0a,0x66,0x72,0x61,0x67,0x6d,0x65,0x6e,0x74,0x20,
    0x6d,0x61,0x69,0x6e,0x30,0x5f,0x6f,0x75,0x74,0x20,0x6d,0x61,0x69,0x6e,0x30,0x28,
    0x6d,0x61,0x69,0x6e,0x30,0x5f,0x69,0x6e,0x20,0x69,0x6e,0x20,0x5b,0x5b,0x73,0x74,
    0x61,0x67,0x65,0x5f,0x69,0x6e,0x5d,0x5d,0x2c,0x20,0x63,0x6f,0x6e,0x73,0x74,0x61,
    0x6e,0x74,0x20,0x66,0x73,0x5f,0x70,0x61,0x72,0x61,0x6d,0x73,0x26,0x20,0x5f,0x38,
    0x32,0x20,0x5b,0x5b,0x62,0x75,0x66,0x66,0x65,0x72,0x28,0x31,0x29,0x5d,0x5d,0x2c,
    0x20,0x74,0x65,0x78,0x74,0x75,0x72,0x65,0x32,0x64,0x3c,0x66,0x6c,0x6f,0x61,0x74,
    0x3e,0x20,0x74,0x65,0x78,0x20,0x5b,0x5b,0x74,0x65,0x78,0x74,0x75,0x72,0x65,0x28,
    0x30,0x29,0x5d,0x5d,0x2c,0x20,0x73,0x61,0x6d,0x70,0x6c,0x65,0x72,0x20,0x73,0x6d,
    0x70,0x20,0x5b,0x5b,0x73,0x61,0x6d,0x70,0x6c,0x65,0x72,0x28,0x30,0x29,0x5d,0x5d,
    0x2c,0x20,0x66,0x6c,0x6f,0x61,0x74,0x34,0x20,0x67,0x6c,0x5f,0x46,0x72,0x61,0x67,
    0x43,0x6f,0x6f,0x72,0x64,0x20,0x5b,0x5b,0x70,0x6f,0x73,0x69,0x74,0x69,0x6f,0x6e,
    0x5d,0x5d,0x29,0x0a,0x7b,0x0a,0x20,0x20,0x20,0x20,0x6d,0x61,0x69,0x6e,0x30,0x5f,
    0x6f,0x75,0x74,0x20,0x6f,0x75,0x74,0x20,0x3d,0x20,0x7b,0x7d,0x3b,0x0a,0x20,0x20,
    0x20,0x20,0x66,0x6c,0x6f,0x61,0x74,0x33,0x20,0x63,0x20,0x3d,0x20,0x6d,0x69,0x78,
    0x28,0x69,0x6e,0x2e,0x73,0x68,0x61,0x64,0x65,0x20,0x2a,0x20,0x74,0x65,0x78,0x2e,
    0x73,0x61,0x6d,0x70,0x6c,0x65,0x28,0x73,0x6d,0x70,0x2c,0x20,0x28,0x69,0x6e,0x2e,
    0x75,0x76,0x5f,0x77,0x20,0x2f,0x20,0x66,0x6c,0x6f,0x61,0x74,0x32,0x28,0x69,0x6e,
    0x2e,0x77,0x5f,0x6f,0x75,0x74,0x29,0x29,0x29,0x2e,0x78,0x79,0x7a,0x2c,0x20,0x5f,
    0x38,0x32,0x2e,0x66,0x6f,0x67,0x5f,0x63,0x6f,0x6c,0x6f,0x72,0x2e,0x78,0x79,0x7a,
    0x2c,0x20,0x66,0x6c,0x6f,0x61,0x74,0x33,0x28,0x69,0x6e,0x2e,0x66,0x6f,0x67,0x5f,
    0x66,0x29,0x29,0x3b,0x0a,0x20,0x20,0x20,0x20,0x69,0x66,0x20,0x28,0x5f,0x38,0x32,
    0x2e,0x66,0x6f,0x67,0x5f,0x63,0x6f,0x6c,0x6f,0x72,0x2e,0x77,0x20,0x3e,0x20,0x30,
    0x2e,0x35,0x29,0x0a,0x20,0x20,0x20,0x20,0x7b,0x0a,0x20,0x20,0x20,0x20,0x20,0x20,
    0x20,0x20,0x66,0x6c,0x6f,0x61,0x74,0x32,0x20,0x70,0x61,0x72,0x61,0x6d,0x20,0x3d,
    0x20,0x67,0x6c,0x5f,0x46,0x72,0x61,0x67,0x43,0x6f,0x6f,0x72,0x64,0x2e,0x78,0x79,
    0x3b,0x0a,0x20,0x20,0x20,0x20,0x20,0x20,0x20,0x20,0x63,0x20,0x3d,0x20,0x66,0x6c,
    0x6f,0x6f,0x72,0x28,0x28,0x63,0x20,0x2a,0x20,0x31,0x35,0x2e,0x30,0x29,0x20,0x2b,
    0x20,0x66,0x6c,0x6f,0x61,0x74,0x33,0x28,0x62,0x34,0x28,0x70,0x61,0x72,0x61,0x6d,
    0x29,0x29,0x29,0x20,0x2a,0x20,0x66,0x6c,0x6f,0x61,0x74,0x33,0x28,0x30,0x2e,0x30,
    0x36,0x36,0x36,0x36,0x36,0x36,0x37,0x30,0x31,0x34,0x33,0x36,0x30,0x34,0x32,0x37,
    0x38,0x35,0x36,0x34,0x34,0x35,0x33,0x31,0x32,0x35,0x29,0x3b,0x0a,0x20,0x20,0x20,
    0x20,0x7d,0x0a,0x20,0x20,0x20,0x20,0x6f,0x75,0x74,0x2e,0x66,0x72,0x61,0x67,0x5f,
    0x63,0x6f,0x6c,0x6f,0x72,0x20,0x3d,0x20,0x66,0x6c,0x6f,0x61,0x74,0x34,0x28,0x63,
    0x2c,0x20,0x31,0x2e,0x30,0x29,0x3b,0x0a,0x20,0x20,0x20,0x20,0x72,0x65,0x74,0x75,
    0x72,0x6e,0x20,0x6f,0x75,0x74,0x3b,0x0a,0x7d,0x0a,0x0a,0x00,
};
/*
    #include <metal_stdlib>
    #include <simd/simd.h>

    using namespace metal;

    struct blit_params
    {
        float4 flip;
    };

    struct main0_out
    {
        float2 buv [[user(locn0)]];
        float4 gl_Position [[position]];
    };

    struct main0_in
    {
        float2 bpos [[attribute(0)]];
    };

    vertex main0_out main0(main0_in in [[stage_in]], constant blit_params& _39 [[buffer(0)]])
    {
        main0_out out = {};
        out.gl_Position = float4((in.bpos * 2.0) - float2(1.0), 0.0, 1.0);
        float _47;
        if (_39.flip.x > 0.5)
        {
            _47 = 1.0 - in.bpos.y;
        }
        else
        {
            _47 = in.bpos.y;
        }
        out.buv = float2(in.bpos.x, _47);
        return out;
    }

*/
static const uint8_t blit_vs_source_metal_macos[637] = {
    0x23,0x69,0x6e,0x63,0x6c,0x75,0x64,0x65,0x20,0x3c,0x6d,0x65,0x74,0x61,0x6c,0x5f,
    0x73,0x74,0x64,0x6c,0x69,0x62,0x3e,0x0a,0x23,0x69,0x6e,0x63,0x6c,0x75,0x64,0x65,
    0x20,0x3c,0x73,0x69,0x6d,0x64,0x2f,0x73,0x69,0x6d,0x64,0x2e,0x68,0x3e,0x0a,0x0a,
    0x75,0x73,0x69,0x6e,0x67,0x20,0x6e,0x61,0x6d,0x65,0x73,0x70,0x61,0x63,0x65,0x20,
    0x6d,0x65,0x74,0x61,0x6c,0x3b,0x0a,0x0a,0x73,0x74,0x72,0x75,0x63,0x74,0x20,0x62,
    0x6c,0x69,0x74,0x5f,0x70,0x61,0x72,0x61,0x6d,0x73,0x0a,0x7b,0x0a,0x20,0x20,0x20,
    0x20,0x66,0x6c,0x6f,0x61,0x74,0x34,0x20,0x66,0x6c,0x69,0x70,0x3b,0x0a,0x7d,0x3b,
    0x0a,0x0a,0x73,0x74,0x72,0x75,0x63,0x74,0x20,0x6d,0x61,0x69,0x6e,0x30,0x5f,0x6f,
    0x75,0x74,0x0a,0x7b,0x0a,0x20,0x20,0x20,0x20,0x66,0x6c,0x6f,0x61,0x74,0x32,0x20,
    0x62,0x75,0x76,0x20,0x5b,0x5b,0x75,0x73,0x65,0x72,0x28,0x6c,0x6f,0x63,0x6e,0x30,
    0x29,0x5d,0x5d,0x3b,0x0a,0x20,0x20,0x20,0x20,0x66,0x6c,0x6f,0x61,0x74,0x34,0x20,
    0x67,0x6c,0x5f,0x50,0x6f,0x73,0x69,0x74,0x69,0x6f,0x6e,0x20,0x5b,0x5b,0x70,0x6f,
    0x73,0x69,0x74,0x69,0x6f,0x6e,0x5d,0x5d,0x3b,0x0a,0x7d,0x3b,0x0a,0x0a,0x73,0x74,
    0x72,0x75,0x63,0x74,0x20,0x6d,0x61,0x69,0x6e,0x30,0x5f,0x69,0x6e,0x0a,0x7b,0x0a,
    0x20,0x20,0x20,0x20,0x66,0x6c,0x6f,0x61,0x74,0x32,0x20,0x62,0x70,0x6f,0x73,0x20,
    0x5b,0x5b,0x61,0x74,0x74,0x72,0x69,0x62,0x75,0x74,0x65,0x28,0x30,0x29,0x5d,0x5d,
    0x3b,0x0a,0x7d,0x3b,0x0a,0x0a,0x76,0x65,0x72,0x74,0x65,0x78,0x20,0x6d,0x61,0x69,
    0x6e,0x30,0x5f,0x6f,0x75,0x74,0x20,0x6d,0x61,0x69,0x6e,0x30,0x28,0x6d,0x61,0x69,
    0x6e,0x30,0x5f,0x69,0x6e,0x20,0x69,0x6e,0x20,0x5b,0x5b,0x73,0x74,0x61,0x67,0x65,
    0x5f,0x69,0x6e,0x5d,0x5d,0x2c,0x20,0x63,0x6f,0x6e,0x73,0x74,0x61,0x6e,0x74,0x20,
    0x62,0x6c,0x69,0x74,0x5f,0x70,0x61,0x72,0x61,0x6d,0x73,0x26,0x20,0x5f,0x33,0x39,
    0x20,0x5b,0x5b,0x62,0x75,0x66,0x66,0x65,0x72,0x28,0x30,0x29,0x5d,0x5d,0x29,0x0a,
    0x7b,0x0a,0x20,0x20,0x20,0x20,0x6d,0x61,0x69,0x6e,0x30,0x5f,0x6f,0x75,0x74,0x20,
    0x6f,0x75,0x74,0x20,0x3d,0x20,0x7b,0x7d,0x3b,0x0a,0x20,0x20,0x20,0x20,0x6f,0x75,
    0x74,0x2e,0x67,0x6c,0x5f,0x50,0x6f,0x73,0x69,0x74,0x69,0x6f,0x6e,0x20,0x3d,0x20,
    0x66,0x6c,0x6f,0x61,0x74,0x34,0x28,0x28,0x69,0x6e,0x2e,0x62,0x70,0x6f,0x73,0x20,
    0x2a,0x20,0x32,0x2e,0x30,0x29,0x20,0x2d,0x20,0x66,0x6c,0x6f,0x61,0x74,0x32,0x28,
    0x31,0x2e,0x30,0x29,0x2c,0x20,0x30,0x2e,0x30,0x2c,0x20,0x31,0x2e,0x30,0x29,0x3b,
    0x0a,0x20,0x20,0x20,0x20,0x66,0x6c,0x6f,0x61,0x74,0x20,0x5f,0x34,0x37,0x3b,0x0a,
    0x20,0x20,0x20,0x20,0x69,0x66,0x20,0x28,0x5f,0x33,0x39,0x2e,0x66,0x6c,0x69,0x70,
    0x2e,0x78,0x20,0x3e,0x20,0x30,0x2e,0x35,0x29,0x0a,0x20,0x20,0x20,0x20,0x7b,0x0a,
    0x20,0x20,0x20,0x20,0x20,0x20,0x20,0x20,0x5f,0x34,0x37,0x20,0x3d,0x20,0x31,0x2e,
    0x30,0x20,0x2d,0x20,0x69,0x6e,0x2e,0x62,0x70,0x6f,0x73,0x2e,0x79,0x3b,0x0a,0x20,
    0x20,0x20,0x20,0x7d,0x0a,0x20,0x20,0x20,0x20,0x65,0x6c,0x73,0x65,0x0a,0x20,0x20,
    0x20,0x20,0x7b,0x0a,0x20,0x20,0x20,0x20,0x20,0x20,0x20,0x20,0x5f,0x34,0x37,0x20,
    0x3d,0x20,0x69,0x6e,0x2e,0x62,0x70,0x6f,0x73,0x2e,0x79,0x3b,0x0a,0x20,0x20,0x20,
    0x20,0x7d,0x0a,0x20,0x20,0x20,0x20,0x6f,0x75,0x74,0x2e,0x62,0x75,0x76,0x20,0x3d,
    0x20,0x66,0x6c,0x6f,0x61,0x74,0x32,0x28,0x69,0x6e,0x2e,0x62,0x70,0x6f,0x73,0x2e,
    0x78,0x2c,0x20,0x5f,0x34,0x37,0x29,0x3b,0x0a,0x20,0x20,0x20,0x20,0x72,0x65,0x74,
    0x75,0x72,0x6e,0x20,0x6f,0x75,0x74,0x3b,0x0a,0x7d,0x0a,0x0a,0x00,
};
/*
    #include <metal_stdlib>
    #include <simd/simd.h>

    using namespace metal;

    struct main0_out
    {
        float4 frag_color [[color(0)]];
    };

    struct main0_in
    {
        float2 buv [[user(locn0)]];
    };

    fragment main0_out main0(main0_in in [[stage_in]], texture2d<float> btex [[texture(0)]], sampler bsmp [[sampler(0)]])
    {
        main0_out out = {};
        out.frag_color = float4(btex.sample(bsmp, in.buv).xyz, 1.0);
        return out;
    }

*/
static const uint8_t blit_fs_source_metal_macos[414] = {
    0x23,0x69,0x6e,0x63,0x6c,0x75,0x64,0x65,0x20,0x3c,0x6d,0x65,0x74,0x61,0x6c,0x5f,
    0x73,0x74,0x64,0x6c,0x69,0x62,0x3e,0x0a,0x23,0x69,0x6e,0x63,0x6c,0x75,0x64,0x65,
    0x20,0x3c,0x73,0x69,0x6d,0x64,0x2f,0x73,0x69,0x6d,0x64,0x2e,0x68,0x3e,0x0a,0x0a,
    0x75,0x73,0x69,0x6e,0x67,0x20,0x6e,0x61,0x6d,0x65,0x73,0x70,0x61,0x63,0x65,0x20,
    0x6d,0x65,0x74,0x61,0x6c,0x3b,0x0a,0x0a,0x73,0x74,0x72,0x75,0x63,0x74,0x20,0x6d,
    0x61,0x69,0x6e,0x30,0x5f,0x6f,0x75,0x74,0x0a,0x7b,0x0a,0x20,0x20,0x20,0x20,0x66,
    0x6c,0x6f,0x61,0x74,0x34,0x20,0x66,0x72,0x61,0x67,0x5f,0x63,0x6f,0x6c,0x6f,0x72,
    0x20,0x5b,0x5b,0x63,0x6f,0x6c,0x6f,0x72,0x28,0x30,0x29,0x5d,0x5d,0x3b,0x0a,0x7d,
    0x3b,0x0a,0x0a,0x73,0x74,0x72,0x75,0x63,0x74,0x20,0x6d,0x61,0x69,0x6e,0x30,0x5f,
    0x69,0x6e,0x0a,0x7b,0x0a,0x20,0x20,0x20,0x20,0x66,0x6c,0x6f,0x61,0x74,0x32,0x20,
    0x62,0x75,0x76,0x20,0x5b,0x5b,0x75,0x73,0x65,0x72,0x28,0x6c,0x6f,0x63,0x6e,0x30,
    0x29,0x5d,0x5d,0x3b,0x0a,0x7d,0x3b,0x0a,0x0a,0x66,0x72,0x61,0x67,0x6d,0x65,0x6e,
    0x74,0x20,0x6d,0x61,0x69,0x6e,0x30,0x5f,0x6f,0x75,0x74,0x20,0x6d,0x61,0x69,0x6e,
    0x30,0x28,0x6d,0x61,0x69,0x6e,0x30,0x5f,0x69,0x6e,0x20,0x69,0x6e,0x20,0x5b,0x5b,
    0x73,0x74,0x61,0x67,0x65,0x5f,0x69,0x6e,0x5d,0x5d,0x2c,0x20,0x74,0x65,0x78,0x74,
    0x75,0x72,0x65,0x32,0x64,0x3c,0x66,0x6c,0x6f,0x61,0x74,0x3e,0x20,0x62,0x74,0x65,
    0x78,0x20,0x5b,0x5b,0x74,0x65,0x78,0x74,0x75,0x72,0x65,0x28,0x30,0x29,0x5d,0x5d,
    0x2c,0x20,0x73,0x61,0x6d,0x70,0x6c,0x65,0x72,0x20,0x62,0x73,0x6d,0x70,0x20,0x5b,
    0x5b,0x73,0x61,0x6d,0x70,0x6c,0x65,0x72,0x28,0x30,0x29,0x5d,0x5d,0x29,0x0a,0x7b,
    0x0a,0x20,0x20,0x20,0x20,0x6d,0x61,0x69,0x6e,0x30,0x5f,0x6f,0x75,0x74,0x20,0x6f,
    0x75,0x74,0x20,0x3d,0x20,0x7b,0x7d,0x3b,0x0a,0x20,0x20,0x20,0x20,0x6f,0x75,0x74,
    0x2e,0x66,0x72,0x61,0x67,0x5f,0x63,0x6f,0x6c,0x6f,0x72,0x20,0x3d,0x20,0x66,0x6c,
    0x6f,0x61,0x74,0x34,0x28,0x62,0x74,0x65,0x78,0x2e,0x73,0x61,0x6d,0x70,0x6c,0x65,
    0x28,0x62,0x73,0x6d,0x70,0x2c,0x20,0x69,0x6e,0x2e,0x62,0x75,0x76,0x29,0x2e,0x78,
    0x79,0x7a,0x2c,0x20,0x31,0x2e,0x30,0x29,0x3b,0x0a,0x20,0x20,0x20,0x20,0x72,0x65,
    0x74,0x75,0x72,0x6e,0x20,0x6f,0x75,0x74,0x3b,0x0a,0x7d,0x0a,0x0a,0x00,
};
/*
    #include <metal_stdlib>
    #include <simd/simd.h>

    using namespace metal;

    struct vs_params
    {
        float4x4 mvp;
        float4x4 mv;
        float4 color;
        float4 rot_rep;
        float4 res_flags;
        float4 fog;
    };

    struct main0_out
    {
        float2 uv_w [[user(locn0)]];
        float w_out [[user(locn1)]];
        float3 shade [[user(locn2)]];
        float fog_f [[user(locn3)]];
        float4 gl_Position [[position]];
    };

    struct main0_in
    {
        float3 pos [[attribute(0)]];
        float3 nrm [[attribute(1)]];
        float2 texcoord0 [[attribute(2)]];
    };

    vertex main0_out main0(main0_in in [[stage_in]], constant vs_params& _13 [[buffer(0)]])
    {
        main0_out out = {};
        float4 _27 = float4(in.pos, 1.0);
        float4 clip = _13.mvp * _27;
        if (_13.res_flags.z > 0.5)
        {
            float2 _47 = _13.res_flags.xy * 0.5;
            float4 _48 = clip;
            float2 _65 = (floor(((_48.xy / float2(_48.w)) * _47) + float2(0.5)) / _47) * _48.w;
            float4 _185 = _48;
            _185.x = _65.x;
            _185.y = _65.y;
            clip = _185;
        }
        out.gl_Position = clip;
        out.shade = _13.color.xyz * mix(float3(0.4199999868869781494140625, 0.439999997615814208984375, 0.550000011920928955078125), float3(1.0499999523162841796875), float3(fast::max(dot(fast::normalize(float3((_13.rot_rep.x * in.nrm.x) + (_13.rot_rep.y * in.nrm.z), in.nrm.y, ((-_13.rot_rep.y) * in.nrm.x) + (_13.rot_rep.x * in.nrm.z))), float3(0.4319342076778411865234375, 0.863868415355682373046875, 0.259160518646240234375)), 0.0)));
        float _143 = mix(1.0, clip.w, _13.res_flags.w);
        out.uv_w = (in.texcoord0 * _13.rot_rep.z) * _143;
        out.w_out = _143;
        out.fog_f = fast::clamp(((-(_13.mv * _27).z) - _13.fog.x) / (_13.fog.y - _13.fog.x), 0.0, 1.0);
        return out;
    }

*/
static const uint8_t vs_source_metal_ios[1725] = {
    0x23,0x69,0x6e,0x63,0x6c,0x75,0x64,0x65,0x20,0x3c,0x6d,0x65,0x74,0x61,0x6c,0x5f,
    0x73,0x74,0x64,0x6c,0x69,0x62,0x3e,0x0a,0x23,0x69,0x6e,0x63,0x6c,0x75,0x64,0x65,
    0x20,0x3c,0x73,0x69,0x6d,0x64,0x2f,0x73,0x69,0x6d,0x64,0x2e,0x68,0x3e,0x0a,0x0a,
    0x75,0x73,0x69,0x6e,0x67,0x20,0x6e,0x61,0x6d,0x65,0x73,0x70,0x61,0x63,0x65,0x20,
    0x6d,0x65,0x74,0x61,0x6c,0x3b,0x0a,0x0a,0x73,0x74,0x72,0x75,0x63,0x74,0x20,0x76,
    0x73,0x5f,0x70,0x61,0x72,0x61,0x6d,0x73,0x0a,0x7b,0x0a,0x20,0x20,0x20,0x20,0x66,
    0x6c,0x6f,0x61,0x74,0x34,0x78,0x34,0x20,0x6d,0x76,0x70,0x3b,0x0a,0x20,0x20,0x20,
    0x20,0x66,0x6c,0x6f,0x61,0x74,0x34,0x78,0x34,0x20,0x6d,0x76,0x3b,0x0a,0x20,0x20,
    0x20,0x20,0x66,0x6c,0x6f,0x61,0x74,0x34,0x20,0x63,0x6f,0x6c,0x6f,0x72,0x3b,0x0a,
    0x20,0x20,0x20,0x20,0x66,0x6c,0x6f,0x61,0x74,0x34,0x20,0x72,0x6f,0x74,0x5f,0x72,
    0x65,0x70,0x3b,0x0a,0x20,0x20,0x20,0x20,0x66,0x6c,0x6f,0x61,0x74,0x34,0x20,0x72,
    0x65,0x73,0x5f,0x66,0x6c,0x61,0x67,0x73,0x3b,0x0a,0x20,0x20,0x20,0x20,0x66,0x6c,
    0x6f,0x61,0x74,0x34,0x20,0x66,0x6f,0x67,0x3b,0x0a,0x7d,0x3b,0x0a,0x0a,0x73,0x74,
    0x72,0x75,0x63,0x74,0x20,0x6d,0x61,0x69,0x6e,0x30,0x5f,0x6f,0x75,0x74,0x0a,0x7b,
    0x0a,0x20,0x20,0x20,0x20,0x66,0x6c,0x6f,0x61,0x74,0x32,0x20,0x75,0x76,0x5f,0x77,
    0x20,0x5b,0x5b,0x75,0x73,0x65,0x72,0x28,0x6c,0x6f,0x63,0x6e,0x30,0x29,0x5d,0x5d,
    0x3b,0x0a,0x20,0x20,0x20,0x20,0x66,0x6c,0x6f,0x61,0x74,0x20,0x77,0x5f,0x6f,0x75,
    0x74,0x20,0x5b,0x5b,0x75,0x73,0x65,0x72,0x28,0x6c,0x6f,0x63,0x6e,0x31,0x29,0x5d,
    0x5d,0x3b,0x0a,0x20,0x20,0x20,0x20,0x66,0x6c,0x6f,0x61,0x74,0x33,0x20,0x73,0x68,
    0x61,0x64,0x65,0x20,0x5b,0x5b,0x75,0x73,0x65,0x72,0x28,0x6c,0x6f,0x63,0x6e,0x32,
    0x29,0x5d,0x5d,0x3b,0x0a,0x20,0x20,0x20,0x20,0x66,0x6c,0x6f,0x61,0x74,0x20,0x66,
    0x6f,0x67,0x5f,0x66,0x20,0x5b,0x5b,0x75,0x73,0x65,0x72,0x28,0x6c,0x6f,0x63,0x6e,
    0x33,0x29,0x5d,0x5d,0x3b,0x0a,0x20,0x20,0x20,0x20,0x66,0x6c,0x6f,0x61,0x74,0x34,
    0x20,0x67,0x6c,0x5f,0x50,0x6f,0x73,0x69,0x74,0x69,0x6f,0x6e,0x20,0x5b,0x5b,0x70,
    0x6f,0x73,0x69,0x74,0x69,0x6f,0x6e,0x5d,0x5d,0x3b,0x0a,0x7d,0x3b,0x0a,0x0a,0x73,
    0x74,0x72,0x75,0x63,0x74,0x20,0x6d,0x61,0x69,0x6e,0x30,0x5f,0x69,0x6e,0x0a,0x7b,
    0x0a,0x20,0x20,0x20,0x20,0x66,0x6c,0x6f,0x61,0x74,0x33,0x20,0x70,0x6f,0x73,0x20,
    0x5b,0x5b,0x61,0x74,0x74,0x72,0x69,0x62,0x75,0x74,0x65,0x28,0x30,0x29,0x5d,0x5d,
    0x3b,0x0a,0x20,0x20,0x20,0x20,0x66,0x6c,0x6f,0x61,0x74,0x33,0x20,0x6e,0x72,0x6d,
    0x20,0x5b,0x5b,0x61,0x74,0x74,0x72,0x69,0x62,0x75,0x74,0x65,0x28,0x31,0x29,0x5d,
    0x5d,0x3b,0x0a,0x20,0x20,0x20,0x20,0x66,0x6c,0x6f,0x61,0x74,0x32,0x20,0x74,0x65,
    0x78,0x63,0x6f,0x6f,0x72,0x64,0x30,0x20,0x5b,0x5b,0x61,0x74,0x74,0x72,0x69,0x62,
    0x75,0x74,0x65,0x28,0x32,0x29,0x5d,0x5d,0x3b,0x0a,0x7d,0x3b,0x0a,0x0a,0x76,0x65,
    0x72,0x74,0x65,0x78,0x20,0x6d,0x61,0x69,0x6e,0x30,0x5f,0x6f,0x75,0x74,0x20,0x6d,
    0x61,0x69,0x6e,0x30,0x28,0x6d,0x61,0x69,0x6e,0x30,0x5f,0x69,0x6e,0x20,0x69,0x6e,
    0x20,0x5b,0x5b,0x73,0x74,0x61,0x67,0x65,0x5f,0x69,0x6e,0x5d,0x5d,0x2c,0x20,0x63,
    0x6f,0x6e,0x73,0x74,0x61,0x6e,0x74,0x20,0x76,0x73,0x5f,0x70,0x61,0x72,0x61,0x6d,
    0x73,0x26,0x20,0x5f,0x31,0x33,0x20,0x5b,0x5b,0x62,0x75,0x66,0x66,0x65,0x72,0x28,
    0x30,0x29,0x5d,0x5d,0x29,0x0a,0x7b,0x0a,0x20,0x20,0x20,0x20,0x6d,0x61,0x69,0x6e,
    0x30,0x5f,0x6f,0x75,0x74,0x20,0x6f,0x75,0x74,0x20,0x3d,0x20,0x7b,0x7d,0x3b,0x0a,
    0x20,0x20,0x20,0x20,0x66,0x6c,0x6f,0x61,0x74,0x34,0x20,0x5f,0x32,0x37,0x20,0x3d,
    0x20,0x66,0x6c,0x6f,0x61,0x74,0x34,0x28,0x69,0x6e,0x2e,0x70,0x6f,0x73,0x2c,0x20,
    0x31,0x2e,0x30,0x29,0x3b,0x0a,0x20,0x20,0x20,0x20,0x66,0x6c,0x6f,0x61,0x74,0x34,
    0x20,0x63,0x6c,0x69,0x70,0x20,0x3d,0x20,0x5f,0x31,0x33,0x2e,0x6d,0x76,0x70,0x20,
    0x2a,0x20,0x5f,0x32,0x37,0x3b,0x0a,0x20,0x20,0x20,0x20,0x69,0x66,0x20,0x28,0x5f,
    0x31,0x33,0x2e,0x72,0x65,0x73,0x5f,0x66,0x6c,0x61,0x67,0x73,0x2e,0x7a,0x20,0x3e,
    0x20,0x30,0x2e,0x35,0x29,0x0a,0x20,0x20,0x20,0x20,0x7b,0x0a,0x20,0x20,0x20,0x20,
    0x20,0x20,0x20,0x20,0x66,0x6c,0x6f,0x61,0x74,0x32,0x20,0x5f,0x34,0x37,0x20,0x3d,
    0x20,0x5f,0x31,0x33,0x2e,0x72,0x65,0x73,0x5f,0x66,0x6c,0x61,0x67,0x73,0x2e,0x78,
    0x79,0x20,0x2a,0x20,0x30,0x2e,0x35,0x3b,0x0a,0x20,0x20,0x20,0x20,0x20,0x20,0x20,
    0x20,0x66,0x6c,0x6f,0x61,0x74,0x34,0x20,0x5f,0x34,0x38,0x20,0x3d,0x20,0x63,0x6c,
    0x69,0x70,0x3b,0x0a,0x20,0x20,0x20,0x20,0x20,0x20,0x20,0x20,0x66,0x6c,0x6f,0x61,
    0x74,0x32,0x20,0x5f,0x36,0x35,0x20,0x3d,0x20,0x28,0x66,0x6c,0x6f,0x6f,0x72,0x28,
    0x28,0x28,0x5f,0x34,0x38,0x2e,0x78,0x79,0x20,0x2f,0x20,0x66,0x6c,0x6f,0x61,0x74,
    0x32,0x28,0x5f,0x34,0x38,0x2e,0x77,0x29,0x29,0x20,0x2a,0x20,0x5f,0x34,0x37,0x29,
    0x20,0x2b,0x20,0x66,0x6c,0x6f,0x61,0x74,0x32,0x28,0x30,0x2e,0x35,0x29,0x29,0x20,
    0x2f,0x20,0x5f,0x34,0x37,0x29,0x20,0x2a,0x20,0x5f,0x34,0x38,0x2e,0x77,0x3b,0x0a,
    0x20,0x20,0x20,0x20,0x20,0x20,0x20,0x20,0x66,0x6c,0x6f,0x61,0x74,0x34,0x20,0x5f,
    0x31,0x38,0x35,0x20,0x3d,0x20,0x5f,0x34,0x38,0x3b,0x0a,0x20,0x20,0x20,0x20,0x20,
    0x20,0x20,0x20,0x5f,0x31,0x38,0x35,0x2e,0x78,0x20,0x3d,0x20,0x5f,0x36,0x35,0x2e,
    0x78,0x3b,0x0a,0x20,0x20,0x20,0x20,0x20,0x20,0x20,0x20,0x5f,0x31,0x38,0x35,0x2e,
    0x79,0x20,0x3d,0x20,0x5f,0x36,0x35,0x2e,0x79,0x3b,0x0a,0x20,0x20,0x20,0x20,0x20,
    0x20,0x20,0x20,0x63,0x6c,0x69,0x70,0x20,0x3d,0x20,0x5f,0x31,0x38,0x35,0x3b,0x0a,
    0x20,0x20,0x20,0x20,0x7d,0x0a,0x20,0x20,0x20,0x20,0x6f,0x75,0x74,0x2e,0x67,0x6c,
    0x5f,0x50,0x6f,0x73,0x69,0x74,0x69,0x6f,0x6e,0x20,0x3d,0x20,0x63,0x6c,0x69,0x70,
    0x3b,0x0a,0x20,0x20,0x20,0x20,0x6f,0x75,0x74,0x2e,0x73,0x68,0x61,0x64,0x65,0x20,
    0x3d,0x20,0x5f,0x31,0x33,0x2e,0x63,0x6f,0x6c,0x6f,0x72,0x2e,0x78,0x79,0x7a,0x20,
    0x2a,0x20,0x6d,0x69,0x78,0x28,0x66,0x6c,0x6f,0x61,0x74,0x33,0x28,0x30,0x2e,0x34,
    0x31,0x39,0x39,0x39,0x39,0x39,0x38,0x36,0x38,0x38,0x36,0x39,0x37,0x38,0x31,0x34,
    0x39,0x34,0x31,0x34,0x30,0x36,0x32,0x35,0x2c,0x20,0x30,0x2e,0x34,0x33,0x39,0x39,
    0x39,0x39,0x39,0x39,0x37,0x36,0x31,0x35,0x38,0x31,0x34,0x32,0x30,0x38,0x39,0x38,
    0x34,0x33,0x37,0x35,0x2c,0x20,0x30,0x2e,0x35,0x35,0x30,0x30,0x30,0x30,0x30,0x31,
    0x31,0x39,0x32,0x30,0x39,0x32,0x38,0x39,0x35,0x35,0x30,0x37,0x38,0x31,0x32,0x35,
    0x29,0x2c,0x20,0x66,0x6c,0x6f,0x61,0x74,0x33,0x28,0x31,0x2e,0x30,0x34,0x39,0x39,
    0x39,0x39,0x39,0x35,0x32,0x33,0x31,0x36,0x32,0x38,0x34,0x31,0x37,0x39,0x36,0x38,
    0x37,0x35,0x29,0x2c,0x20,0x66,0x6c,0x6f,0x61,0x74,0x33,0x28,0x66,0x61,0x73,0x74,
    0x3a,0x3a,0x6d,0x61,0x78,0x28,0x64,0x6f,0x74,0x28,0x66,0x61,0x73,0x74,0x3a,0x3a,
    0x6e,0x6f,0x72,0x6d,0x61,0x6c,0x69,0x7a,0x65,0x28,0x66,0x6c,0x6f,0x61,0x74,0x33,
    0x28,0x28,0x5f,0x31,0x33,0x2e,0x72,0x6f,0x74,0x5f,0x72,0x65,0x70,0x2e,0x78,0x20,
    0x2a,0x20,0x69,0x6e,0x2e,0x6e,0x72,0x6d,0x2e,0x78,0x29,0x20,0x2b,0x20,0x28,0x5f,
    0x31,0x33,0x2e,0x72,0x6f,0x74,0x5f,0x72,0x65,0x70,0x2e,0x79,0x20,0x2a,0x20,0x69,
    0x6e,0x2e,0x6e,0x72,0x6d,0x2e,0x7a,0x29,0x2c,0x20,0x69,0x6e,0x2e,0x6e,0x72,0x6d,
    0x2e,0x79,0x2c,0x20,0x28,0x28,0x2d,0x5f,0x31,0x33,0x2e,0x72,0x6f,0x74,0x5f,0x72,
    0x65,0x70,0x2e,0x79,0x29,0x20,0x2a,0x20,0x69,0x6e,0x2e,0x6e,0x72,0x6d,0x2e,0x78,
    0x29,0x20,0x2b,0x20,0x28,0x5f,0x31,0x33,0x2e,0x72,0x6f,0x74,0x5f,0x72,0x65,0x70,
    0x2e,0x78,0x20,0x2a,0x20,0x69,0x6e,0x2e,0x6e,0x72,0x6d,0x2e,0x7a,0x29,0x29,0x29,
    0x2c,0x20,0x66,0x6c,0x6f,0x61,0x74,0x33,0x28,0x30,0x2e,0x34,0x33,0x31,0x39,0x33,
    0x34,0x32,0x30,0x37,0x36,0x37,0x37,0x38,0x34,0x31,0x31,0x38,0x36,0x35,0x32,0x33,
    0x34,0x33,0x37,0x35,0x2c,0x20,0x30,0x2e,0x38,0x36,0x33,0x38,0x36,0x38,0x34,0x31,
    0x35,0x33,0x35,0x35,0x36,0x38,0x32,0x33,0x37,0x33,0x30,0x34,0x36,0x38,0x37,0x35,
    0x2c,0x20,0x30,0x2e,0x32,0x35,0x39,0x31,0x36,0x30,0x35,0x31,0x38,0x36,0x34,0x36,
    0x32,0x34,0x30,0x32,0x33,0x34,0x33,0x37,0x35,0x29,0x29,0x2c,0x20,0x30,0x2e,0x30,
    0x29,0x29,0x29,0x3b,0x0a,0x20,0x20,0x20,0x20,0x66,0x6c,0x6f,0x61,0x74,0x20,0x5f,
    0x31,0x34,0x33,0x20,0x3d,0x20,0x6d,0x69,0x78,0x28,0x31,0x2e,0x30,0x2c,0x20,0x63,
    0x6c,0x69,0x70,0x2e,0x77,0x2c,0x20,0x5f,0x31,0x33,0x2e,0x72,0x65,0x73,0x5f,0x66,
    0x6c,0x61,0x67,0x73,0x2e,0x77,0x29,0x3b,0x0a,0x20,0x20,0x20,0x20,0x6f,0x75,0x74,
    0x2e,0x75,0x76,0x5f,0x77,0x20,0x3d,0x20,0x28,0x69,0x6e,0x2e,0x74,0x65,0x78,0x63,
    0x6f,0x6f,0x72,0x64,0x30,0x20,0x2a,0x20,0x5f,0x31,0x33,0x2e,0x72,0x6f,0x74,0x5f,
    0x72,0x65,0x70,0x2e,0x7a,0x29,0x20,0x2a,0x20,0x5f,0x31,0x34,0x33,0x3b,0x0a,0x20,
    0x20,0x20,0x20,0x6f,0x75,0x74,0x2e,0x77,0x5f,0x6f,0x75,0x74,0x20,0x3d,0x20,0x5f,
    0x31,0x34,0x33,0x3b,0x0a,0x20,0x20,0x20,0x20,0x6f,0x75,0x74,0x2e,0x66,0x6f,0x67,
    0x5f,0x66,0x20,0x3d,0x20,0x66,0x61,0x73,0x74,0x3a,0x3a,0x63,0x6c,0x61,0x6d,0x70,
    0x28,0x28,0x28,0x2d,0x28,0x5f,0x31,0x33,0x2e,0x6d,0x76,0x20,0x2a,0x20,0x5f,0x32,
    0x37,0x29,0x2e,0x7a,0x29,0x20,0x2d,0x20,0x5f,0x31,0x33,0x2e,0x66,0x6f,0x67,0x2e,
    0x78,0x29,0x20,0x2f,0x20,0x28,0x5f,0x31,0x33,0x2e,0x66,0x6f,0x67,0x2e,0x79,0x20,
    0x2d,0x20,0x5f,0x31,0x33,0x2e,0x66,0x6f,0x67,0x2e,0x78,0x29,0x2c,0x20,0x30,0x2e,
    0x30,0x2c,0x20,0x31,0x2e,0x30,0x29,0x3b,0x0a,0x20,0x20,0x20,0x20,0x72,0x65,0x74,
    0x75,0x72,0x6e,0x20,0x6f,0x75,0x74,0x3b,0x0a,0x7d,0x0a,0x0a,0x00,
};
/*
    #pragma clang diagnostic ignored "-Wmissing-prototypes"

    #include <metal_stdlib>
    #include <simd/simd.h>

    using namespace metal;

    struct fs_params
    {
        float4 fog_color;
    };

    struct main0_out
    {
        float4 frag_color [[color(0)]];
    };

    struct main0_in
    {
        float2 uv_w [[user(locn0)]];
        float w_out [[user(locn1)]];
        float3 shade [[user(locn2)]];
        float fog_f [[user(locn3)]];
    };

    static inline __attribute__((always_inline))
    float b2(thread float2& a)
    {
        a = floor(a);
        return fract((a.x * 0.5) + ((a.y * a.y) * 0.75));
    }

    static inline __attribute__((always_inline))
    float b4(thread const float2& a)
    {
        float2 param = a * 0.5;
        float _40 = b2(param);
        float2 param_1 = a;
        float _45 = b2(param_1);
        return (_40 * 0.25) + _45;
    }

    fragment main0_out main0(main0_in in [[stage_in]], constant fs_params& _82 [[buffer(1)]], texture2d<float> tex [[texture(0)]], sampler smp [[sampler(0)]], float4 gl_FragCoord [[position]])
    {
        main0_out out = {};
        float3 c = mix(in.shade * tex.sample(smp, (in.uv_w / float2(in.w_out))).xyz, _82.fog_color.xyz, float3(in.fog_f));
        if (_82.fog_color.w > 0.5)
        {
            float2 param = gl_FragCoord.xy;
            c = floor((c * 15.0) + float3(b4(param))) * float3(0.066666670143604278564453125);
        }
        out.frag_color = float4(c, 1.0);
        return out;
    }

*/
static const uint8_t fs_source_metal_ios[1324] = {
    0x23,0x70,0x72,0x61,0x67,0x6d,0x61,0x20,0x63,0x6c,0x61,0x6e,0x67,0x20,0x64,0x69,
    0x61,0x67,0x6e,0x6f,0x73,0x74,0x69,0x63,0x20,0x69,0x67,0x6e,0x6f,0x72,0x65,0x64,
    0x20,0x22,0x2d,0x57,0x6d,0x69,0x73,0x73,0x69,0x6e,0x67,0x2d,0x70,0x72,0x6f,0x74,
    0x6f,0x74,0x79,0x70,0x65,0x73,0x22,0x0a,0x0a,0x23,0x69,0x6e,0x63,0x6c,0x75,0x64,
    0x65,0x20,0x3c,0x6d,0x65,0x74,0x61,0x6c,0x5f,0x73,0x74,0x64,0x6c,0x69,0x62,0x3e,
    0x0a,0x23,0x69,0x6e,0x63,0x6c,0x75,0x64,0x65,0x20,0x3c,0x73,0x69,0x6d,0x64,0x2f,
    0x73,0x69,0x6d,0x64,0x2e,0x68,0x3e,0x0a,0x0a,0x75,0x73,0x69,0x6e,0x67,0x20,0x6e,
    0x61,0x6d,0x65,0x73,0x70,0x61,0x63,0x65,0x20,0x6d,0x65,0x74,0x61,0x6c,0x3b,0x0a,
    0x0a,0x73,0x74,0x72,0x75,0x63,0x74,0x20,0x66,0x73,0x5f,0x70,0x61,0x72,0x61,0x6d,
    0x73,0x0a,0x7b,0x0a,0x20,0x20,0x20,0x20,0x66,0x6c,0x6f,0x61,0x74,0x34,0x20,0x66,
    0x6f,0x67,0x5f,0x63,0x6f,0x6c,0x6f,0x72,0x3b,0x0a,0x7d,0x3b,0x0a,0x0a,0x73,0x74,
    0x72,0x75,0x63,0x74,0x20,0x6d,0x61,0x69,0x6e,0x30,0x5f,0x6f,0x75,0x74,0x0a,0x7b,
    0x0a,0x20,0x20,0x20,0x20,0x66,0x6c,0x6f,0x61,0x74,0x34,0x20,0x66,0x72,0x61,0x67,
    0x5f,0x63,0x6f,0x6c,0x6f,0x72,0x20,0x5b,0x5b,0x63,0x6f,0x6c,0x6f,0x72,0x28,0x30,
    0x29,0x5d,0x5d,0x3b,0x0a,0x7d,0x3b,0x0a,0x0a,0x73,0x74,0x72,0x75,0x63,0x74,0x20,
    0x6d,0x61,0x69,0x6e,0x30,0x5f,0x69,0x6e,0x0a,0x7b,0x0a,0x20,0x20,0x20,0x20,0x66,
    0x6c,0x6f,0x61,0x74,0x32,0x20,0x75,0x76,0x5f,0x77,0x20,0x5b,0x5b,0x75,0x73,0x65,
    0x72,0x28,0x6c,0x6f,0x63,0x6e,0x30,0x29,0x5d,0x5d,0x3b,0x0a,0x20,0x20,0x20,0x20,
    0x66,0x6c,0x6f,0x61,0x74,0x20,0x77,0x5f,0x6f,0x75,0x74,0x20,0x5b,0x5b,0x75,0x73,
    0x65,0x72,0x28,0x6c,0x6f,0x63,0x6e,0x31,0x29,0x5d,0x5d,0x3b,0x0a,0x20,0x20,0x20,
    0x20,0x66,0x6c,0x6f,0x61,0x74,0x33,0x20,0x73,0x68,0x61,0x64,0x65,0x20,0x5b,0x5b,
    0x75,0x73,0x65,0x72,0x28,0x6c,0x6f,0x63,0x6e,0x32,0x29,0x5d,0x5d,0x3b,0x0a,0x20,
    0x20,0x20,0x20,0x66,0x6c,0x6f,0x61,0x74,0x20,0x66,0x6f,0x67,0x5f,0x66,0x20,0x5b,
    0x5b,0x75,0x73,0x65,0x72,0x28,0x6c,0x6f,0x63,0x6e,0x33,0x29,0x5d,0x5d,0x3b,0x0a,
    0x7d,0x3b,0x0a,0x0a,0x73,0x74,0x61,0x74,0x69,0x63,0x20,0x69,0x6e,0x6c,0x69,0x6e,
    0x65,0x20,0x5f,0x5f,0x61,0x74,0x74,0x72,0x69,0x62,0x75,0x74,0x65,0x5f,0x5f,0x28,
    0x28,0x61,0x6c,0x77,0x61,0x79,0x73,0x5f,0x69,0x6e,0x6c,0x69,0x6e,0x65,0x29,0x29,
    0x0a,0x66,0x6c,0x6f,0x61,0x74,0x20,0x62,0x32,0x28,0x74,0x68,0x72,0x65,0x61,0x64,
    0x20,0x66,0x6c,0x6f,0x61,0x74,0x32,0x26,0x20,0x61,0x29,0x0a,0x7b,0x0a,0x20,0x20,
    0x20,0x20,0x61,0x20,0x3d,0x20,0x66,0x6c,0x6f,0x6f,0x72,0x28,0x61,0x29,0x3b,0x0a,
    0x20,0x20,0x20,0x20,0x72,0x65,0x74,0x75,0x72,0x6e,0x20,0x66,0x72,0x61,0x63,0x74,
    0x28,0x28,0x61,0x2e,0x78,0x20,0x2a,0x20,0x30,0x2e,0x35,0x29,0x20,0x2b,0x20,0x28,
    0x28,0x61,0x2e,0x79,0x20,0x2a,0x20,0x61,0x2e,0x79,0x29,0x20,0x2a,0x20,0x30,0x2e,
    0x37,0x35,0x29,0x29,0x3b,0x0a,0x7d,0x0a,0x0a,0x73,0x74,0x61,0x74,0x69,0x63,0x20,
    0x69,0x6e,0x6c,0x69,0x6e,0x65,0x20,0x5f,0x5f,0x61,0x74,0x74,0x72,0x69,0x62,0x75,
    0x74,0x65,0x5f,0x5f,0x28,0x28,0x61,0x6c,0x77,0x61,0x79,0x73,0x5f,0x69,0x6e,0x6c,
    0x69,0x6e,0x65,0x29,0x29,0x0a,0x66,0x6c,0x6f,0x61,0x74,0x20,0x62,0x34,0x28,0x74,
    0x68,0x72,0x65,0x61,0x64,0x20,0x63,0x6f,0x6e,0x73,0x74,0x20,0x66,0x6c,0x6f,0x61,
    0x74,0x32,0x26,0x20,0x61,0x29,0x0a,0x7b,0x0a,0x20,0x20,0x20,0x20,0x66,0x6c,0x6f,
    0x61,0x74,0x32,0x20,0x70,0x61,0x72,0x61,0x6d,0x20,0x3d,0x20,0x61,0x20,0x2a,0x20,
    0x30,0x2e,0x35,0x3b,0x0a,0x20,0x20,0x20,0x20,0x66,0x6c,0x6f,0x61,0x74,0x20,0x5f,
    0x34,0x30,0x20,0x3d,0x20,0x62,0x32,0x28,0x70,0x61,0x72,0x61,0x6d,0x29,0x3b,0x0a,
    0x20,0x20,0x20,0x20,0x66,0x6c,0x6f,0x61,0x74,0x32,0x20,0x70,0x61,0x72,0x61,0x6d,
    0x5f,0x31,0x20,0x3d,0x20,0x61,0x3b,0x0a,0x20,0x20,0x20,0x20,0x66,0x6c,0x6f,0x61,
    0x74,0x20,0x5f,0x34,0x35,0x20,0x3d,0x20,0x62,0x32,0x28,0x70,0x61,0x72,0x61,0x6d,
    0x5f,0x31,0x29,0x3b,0x0a,0x20,0x20,0x20,0x20,0x72,0x65,0x74,0x75,0x72,0x6e,0x20,
    0x28,0x5f,0x34,0x30,0x20,0x2a,0x20,0x30,0x2e,0x32,0x35,0x29,0x20,0x2b,0x20,0x5f,
    0x34,0x35,0x3b,0x0a,0x7d,0x0a,0x0a,0x66,0x72,0x61,0x67,0x6d,0x65,0x6e,0x74,0x20,
    0x6d,0x61,0x69,0x6e,0x30,0x5f,0x6f,0x75,0x74,0x20,0x6d,0x61,0x69,0x6e,0x30,0x28,
    0x6d,0x61,0x69,0x6e,0x30,0x5f,0x69,0x6e,0x20,0x69,0x6e,0x20,0x5b,0x5b,0x73,0x74,
    0x61,0x67,0x65,0x5f,0x69,0x6e,0x5d,0x5d,0x2c,0x20,0x63,0x6f,0x6e,0x73,0x74,0x61,
    0x6e,0x74,0x20,0x66,0x73,0x5f,0x70,0x61,0x72,0x61,0x6d,0x73,0x26,0x20,0x5f,0x38,
    0x32,0x20,0x5b,0x5b,0x62,0x75,0x66,0x66,0x65,0x72,0x28,0x31,0x29,0x5d,0x5d,0x2c,
    0x20,0x74,0x65,0x78,0x74,0x75,0x72,0x65,0x32,0x64,0x3c,0x66,0x6c,0x6f,0x61,0x74,
    0x3e,0x20,0x74,0x65,0x78,0x20,0x5b,0x5b,0x74,0x65,0x78,0x74,0x75,0x72,0x65,0x28,
    0x30,0x29,0x5d,0x5d,0x2c,0x20,0x73,0x61,0x6d,0x70,0x6c,0x65,0x72,0x20,0x73,0x6d,
    0x70,0x20,0x5b,0x5b,0x73,0x61,0x6d,0x70,0x6c,0x65,0x72,0x28,0x30,0x29,0x5d,0x5d,
    0x2c,0x20,0x66,0x6c,0x6f,0x61,0x74,0x34,0x20,0x67,0x6c,0x5f,0x46,0x72,0x61,0x67,
    0x43,0x6f,0x6f,0x72,0x64,0x20,0x5b,0x5b,0x70,0x6f,0x73,0x69,0x74,0x69,0x6f,0x6e,
    0x5d,0x5d,0x29,0x0a,0x7b,0x0a,0x20,0x20,0x20,0x20,0x6d,0x61,0x69,0x6e,0x30,0x5f,
    0x6f,0x75,0x74,0x20,0x6f,0x75,0x74,0x20,0x3d,0x20,0x7b,0x7d,0x3b,0x0a,0x20,0x20,
    0x20,0x20,0x66,0x6c,0x6f,0x61,0x74,0x33,0x20,0x63,0x20,0x3d,0x20,0x6d,0x69,0x78,
    0x28,0x69,0x6e,0x2e,0x73,0x68,0x61,0x64,0x65,0x20,0x2a,0x20,0x74,0x65,0x78,0x2e,
    0x73,0x61,0x6d,0x70,0x6c,0x65,0x28,0x73,0x6d,0x70,0x2c,0x20,0x28,0x69,0x6e,0x2e,
    0x75,0x76,0x5f,0x77,0x20,0x2f,0x20,0x66,0x6c,0x6f,0x61,0x74,0x32,0x28,0x69,0x6e,
    0x2e,0x77,0x5f,0x6f,0x75,0x74,0x29,0x29,0x29,0x2e,0x78,0x79,0x7a,0x2c,0x20,0x5f,
    0x38,0x32,0x2e,0x66,0x6f,0x67,0x5f,0x63,0x6f,0x6c,0x6f,0x72,0x2e,0x78,0x79,0x7a,
    0x2c,0x20,0x66,0x6c,0x6f,0x61,0x74,0x33,0x28,0x69,0x6e,0x2e,0x66,0x6f,0x67,0x5f,
    0x66,0x29,0x29,0x3b,0x0a,0x20,0x20,0x20,0x20,0x69,0x66,0x20,0x28,0x5f,0x38,0x32,
    0x2e,0x66,0x6f,0x67,0x5f,0x63,0x6f,0x6c,0x6f,0x72,0x2e,0x77,0x20,0x3e,0x20,0x30,
    0x2e,0x35,0x29,0x0a,0x20,0x20,0x20,0x20,0x7b,0x0a,0x20,0x20,0x20,0x20,0x20,0x20,
    0x20,0x20,0x66,0x6c,0x6f,0x61,0x74,0x32,0x20,0x70,0x61,0x72,0x61,0x6d,0x20,0x3d,
    0x20,0x67,0x6c,0x5f,0x46,0x72,0x61,0x67,0x43,0x6f,0x6f,0x72,0x64,0x2e,0x78,0x79,
    0x3b,0x0a,0x20,0x20,0x20,0x20,0x20,0x20,0x20,0x20,0x63,0x20,0x3d,0x20,0x66,0x6c,
    0x6f,0x6f,0x72,0x28,0x28,0x63,0x20,0x2a,0x20,0x31,0x35,0x2e,0x30,0x29,0x20,0x2b,
    0x20,0x66,0x6c,0x6f,0x61,0x74,0x33,0x28,0x62,0x34,0x28,0x70,0x61,0x72,0x61,0x6d,
    0x29,0x29,0x29,0x20,0x2a,0x20,0x66,0x6c,0x6f,0x61,0x74,0x33,0x28,0x30,0x2e,0x30,
    0x36,0x36,0x36,0x36,0x36,0x36,0x37,0x30,0x31,0x34,0x33,0x36,0x30,0x34,0x32,0x37,
    0x38,0x35,0x36,0x34,0x34,0x35,0x33,0x31,0x32,0x35,0x29,0x3b,0x0a,0x20,0x20,0x20,
    0x20,0x7d,0x0a,0x20,0x20,0x20,0x20,0x6f,0x75,0x74,0x2e,0x66,0x72,0x61,0x67,0x5f,
    0x63,0x6f,0x6c,0x6f,0x72,0x20,0x3d,0x20,0x66,0x6c,0x6f,0x61,0x74,0x34,0x28,0x63,
    0x2c,0x20,0x31,0x2e,0x30,0x29,0x3b,0x0a,0x20,0x20,0x20,0x20,0x72,0x65,0x74,0x75,
    0x72,0x6e,0x20,0x6f,0x75,0x74,0x3b,0x0a,0x7d,0x0a,0x0a,0x00,
};
/*
    #include <metal_stdlib>
    #include <simd/simd.h>

    using namespace metal;

    struct blit_params
    {
        float4 flip;
    };

    struct main0_out
    {
        float2 buv [[user(locn0)]];
        float4 gl_Position [[position]];
    };

    struct main0_in
    {
        float2 bpos [[attribute(0)]];
    };

    vertex main0_out main0(main0_in in [[stage_in]], constant blit_params& _39 [[buffer(0)]])
    {
        main0_out out = {};
        out.gl_Position = float4((in.bpos * 2.0) - float2(1.0), 0.0, 1.0);
        float _47;
        if (_39.flip.x > 0.5)
        {
            _47 = 1.0 - in.bpos.y;
        }
        else
        {
            _47 = in.bpos.y;
        }
        out.buv = float2(in.bpos.x, _47);
        return out;
    }

*/
static const uint8_t blit_vs_source_metal_ios[637] = {
    0x23,0x69,0x6e,0x63,0x6c,0x75,0x64,0x65,0x20,0x3c,0x6d,0x65,0x74,0x61,0x6c,0x5f,
    0x73,0x74,0x64,0x6c,0x69,0x62,0x3e,0x0a,0x23,0x69,0x6e,0x63,0x6c,0x75,0x64,0x65,
    0x20,0x3c,0x73,0x69,0x6d,0x64,0x2f,0x73,0x69,0x6d,0x64,0x2e,0x68,0x3e,0x0a,0x0a,
    0x75,0x73,0x69,0x6e,0x67,0x20,0x6e,0x61,0x6d,0x65,0x73,0x70,0x61,0x63,0x65,0x20,
    0x6d,0x65,0x74,0x61,0x6c,0x3b,0x0a,0x0a,0x73,0x74,0x72,0x75,0x63,0x74,0x20,0x62,
    0x6c,0x69,0x74,0x5f,0x70,0x61,0x72,0x61,0x6d,0x73,0x0a,0x7b,0x0a,0x20,0x20,0x20,
    0x20,0x66,0x6c,0x6f,0x61,0x74,0x34,0x20,0x66,0x6c,0x69,0x70,0x3b,0x0a,0x7d,0x3b,
    0x0a,0x0a,0x73,0x74,0x72,0x75,0x63,0x74,0x20,0x6d,0x61,0x69,0x6e,0x30,0x5f,0x6f,
    0x75,0x74,0x0a,0x7b,0x0a,0x20,0x20,0x20,0x20,0x66,0x6c,0x6f,0x61,0x74,0x32,0x20,
    0x62,0x75,0x76,0x20,0x5b,0x5b,0x75,0x73,0x65,0x72,0x28,0x6c,0x6f,0x63,0x6e,0x30,
    0x29,0x5d,0x5d,0x3b,0x0a,0x20,0x20,0x20,0x20,0x66,0x6c,0x6f,0x61,0x74,0x34,0x20,
    0x67,0x6c,0x5f,0x50,0x6f,0x73,0x69,0x74,0x69,0x6f,0x6e,0x20,0x5b,0x5b,0x70,0x6f,
    0x73,0x69,0x74,0x69,0x6f,0x6e,0x5d,0x5d,0x3b,0x0a,0x7d,0x3b,0x0a,0x0a,0x73,0x74,
    0x72,0x75,0x63,0x74,0x20,0x6d,0x61,0x69,0x6e,0x30,0x5f,0x69,0x6e,0x0a,0x7b,0x0a,
    0x20,0x20,0x20,0x20,0x66,0x6c,0x6f,0x61,0x74,0x32,0x20,0x62,0x70,0x6f,0x73,0x20,
    0x5b,0x5b,0x61,0x74,0x74,0x72,0x69,0x62,0x75,0x74,0x65,0x28,0x30,0x29,0x5d,0x5d,
    0x3b,0x0a,0x7d,0x3b,0x0a,0x0a,0x76,0x65,0x72,0x74,0x65,0x78,0x20,0x6d,0x61,0x69,
    0x6e,0x30,0x5f,0x6f,0x75,0x74,0x20,0x6d,0x61,0x69,0x6e,0x30,0x28,0x6d,0x61,0x69,
    0x6e,0x30,0x5f,0x69,0x6e,0x20,0x69,0x6e,0x20,0x5b,0x5b,0x73,0x74,0x61,0x67,0x65,
    0x5f,0x69,0x6e,0x5d,0x5d,0x2c,0x20,0x63,0x6f,0x6e,0x73,0x74,0x61,0x6e,0x74,0x20,
    0x62,0x6c,0x69,0x74,0x5f,0x70,0x61,0x72,0x61,0x6d,0x73,0x26,0x20,0x5f,0x33,0x39,
    0x20,0x5b,0x5b,0x62,0x75,0x66,0x66,0x65,0x72,0x28,0x30,0x29,0x5d,0x5d,0x29,0x0a,
    0x7b,0x0a,0x20,0x20,0x20,0x20,0x6d,0x61,0x69,0x6e,0x30,0x5f,0x6f,0x75,0x74,0x20,
    0x6f,0x75,0x74,0x20,0x3d,0x20,0x7b,0x7d,0x3b,0x0a,0x20,0x20,0x20,0x20,0x6f,0x75,
    0x74,0x2e,0x67,0x6c,0x5f,0x50,0x6f,0x73,0x69,0x74,0x69,0x6f,0x6e,0x20,0x3d,0x20,
    0x66,0x6c,0x6f,0x61,0x74,0x34,0x28,0x28,0x69,0x6e,0x2e,0x62,0x70,0x6f,0x73,0x20,
    0x2a,0x20,0x32,0x2e,0x30,0x29,0x20,0x2d,0x20,0x66,0x6c,0x6f,0x61,0x74,0x32,0x28,
    0x31,0x2e,0x30,0x29,0x2c,0x20,0x30,0x2e,0x30,0x2c,0x20,0x31,0x2e,0x30,0x29,0x3b,
    0x0a,0x20,0x20,0x20,0x20,0x66,0x6c,0x6f,0x61,0x74,0x20,0x5f,0x34,0x37,0x3b,0x0a,
    0x20,0x20,0x20,0x20,0x69,0x66,0x20,0x28,0x5f,0x33,0x39,0x2e,0x66,0x6c,0x69,0x70,
    0x2e,0x78,0x20,0x3e,0x20,0x30,0x2e,0x35,0x29,0x0a,0x20,0x20,0x20,0x20,0x7b,0x0a,
    0x20,0x20,0x20,0x20,0x20,0x20,0x20,0x20,0x5f,0x34,0x37,0x20,0x3d,0x20,0x31,0x2e,
    0x30,0x20,0x2d,0x20,0x69,0x6e,0x2e,0x62,0x70,0x6f,0x73,0x2e,0x79,0x3b,0x0a,0x20,
    0x20,0x20,0x20,0x7d,0x0a,0x20,0x20,0x20,0x20,0x65,0x6c,0x73,0x65,0x0a,0x20,0x20,
    0x20,0x20,0x7b,0x0a,0x20,0x20,0x20,0x20,0x20,0x20,0x20,0x20,0x5f,0x34,0x37,0x20,
    0x3d,0x20,0x69,0x6e,0x2e,0x62,0x70,0x6f,0x73,0x2e,0x79,0x3b,0x0a,0x20,0x20,0x20,
    0x20,0x7d,0x0a,0x20,0x20,0x20,0x20,0x6f,0x75,0x74,0x2e,0x62,0x75,0x76,0x20,0x3d,
    0x20,0x66,0x6c,0x6f,0x61,0x74,0x32,0x28,0x69,0x6e,0x2e,0x62,0x70,0x6f,0x73,0x2e,
    0x78,0x2c,0x20,0x5f,0x34,0x37,0x29,0x3b,0x0a,0x20,0x20,0x20,0x20,0x72,0x65,0x74,
    0x75,0x72,0x6e,0x20,0x6f,0x75,0x74,0x3b,0x0a,0x7d,0x0a,0x0a,0x00,
};
/*
    #include <metal_stdlib>
    #include <simd/simd.h>

    using namespace metal;

    struct main0_out
    {
        float4 frag_color [[color(0)]];
    };

    struct main0_in
    {
        float2 buv [[user(locn0)]];
    };

    fragment main0_out main0(main0_in in [[stage_in]], texture2d<float> btex [[texture(0)]], sampler bsmp [[sampler(0)]])
    {
        main0_out out = {};
        out.frag_color = float4(btex.sample(bsmp, in.buv).xyz, 1.0);
        return out;
    }

*/
static const uint8_t blit_fs_source_metal_ios[414] = {
    0x23,0x69,0x6e,0x63,0x6c,0x75,0x64,0x65,0x20,0x3c,0x6d,0x65,0x74,0x61,0x6c,0x5f,
    0x73,0x74,0x64,0x6c,0x69,0x62,0x3e,0x0a,0x23,0x69,0x6e,0x63,0x6c,0x75,0x64,0x65,
    0x20,0x3c,0x73,0x69,0x6d,0x64,0x2f,0x73,0x69,0x6d,0x64,0x2e,0x68,0x3e,0x0a,0x0a,
    0x75,0x73,0x69,0x6e,0x67,0x20,0x6e,0x61,0x6d,0x65,0x73,0x70,0x61,0x63,0x65,0x20,
    0x6d,0x65,0x74,0x61,0x6c,0x3b,0x0a,0x0a,0x73,0x74,0x72,0x75,0x63,0x74,0x20,0x6d,
    0x61,0x69,0x6e,0x30,0x5f,0x6f,0x75,0x74,0x0a,0x7b,0x0a,0x20,0x20,0x20,0x20,0x66,
    0x6c,0x6f,0x61,0x74,0x34,0x20,0x66,0x72,0x61,0x67,0x5f,0x63,0x6f,0x6c,0x6f,0x72,
    0x20,0x5b,0x5b,0x63,0x6f,0x6c,0x6f,0x72,0x28,0x30,0x29,0x5d,0x5d,0x3b,0x0a,0x7d,
    0x3b,0x0a,0x0a,0x73,0x74,0x72,0x75,0x63,0x74,0x20,0x6d,0x61,0x69,0x6e,0x30,0x5f,
    0x69,0x6e,0x0a,0x7b,0x0a,0x20,0x20,0x20,0x20,0x66,0x6c,0x6f,0x61,0x74,0x32,0x20,
    0x62,0x75,0x76,0x20,0x5b,0x5b,0x75,0x73,0x65,0x72,0x28,0x6c,0x6f,0x63,0x6e,0x30,
    0x29,0x5d,0x5d,0x3b,0x0a,0x7d,0x3b,0x0a,0x0a,0x66,0x72,0x61,0x67,0x6d,0x65,0x6e,
    0x74,0x20,0x6d,0x61,0x69,0x6e,0x30,0x5f,0x6f,0x75,0x74,0x20,0x6d,0x61,0x69,0x6e,
    0x30,0x28,0x6d,0x61,0x69,0x6e,0x30,0x5f,0x69,0x6e,0x20,0x69,0x6e,0x20,0x5b,0x5b,
    0x73,0x74,0x61,0x67,0x65,0x5f,0x69,0x6e,0x5d,0x5d,0x2c,0x20,0x74,0x65,0x78,0x74,
    0x75,0x72,0x65,0x32,0x64,0x3c,0x66,0x6c,0x6f,0x61,0x74,0x3e,0x20,0x62,0x74,0x65,
    0x78,0x20,0x5b,0x5b,0x74,0x65,0x78,0x74,0x75,0x72,0x65,0x28,0x30,0x29,0x5d,0x5d,
    0x2c,0x20,0x73,0x61,0x6d,0x70,0x6c,0x65,0x72,0x20,0x62,0x73,0x6d,0x70,0x20,0x5b,
    0x5b,0x73,0x61,0x6d,0x70,0x6c,0x65,0x72,0x28,0x30,0x29,0x5d,0x5d,0x29,0x0a,0x7b,
    0x0a,0x20,0x20,0x20,0x20,0x6d,0x61,0x69,0x6e,0x30,0x5f,0x6f,0x75,0x74,0x20,0x6f,
    0x75,0x74,0x20,0x3d,0x20,0x7b,0x7d,0x3b,0x0a,0x20,0x20,0x20,0x20,0x6f,0x75,0x74,
    0x2e,0x66,0x72,0x61,0x67,0x5f,0x63,0x6f,0x6c,0x6f,0x72,0x20,0x3d,0x20,0x66,0x6c,
    0x6f,0x61,0x74,0x34,0x28,0x62,0x74,0x65,0x78,0x2e,0x73,0x61,0x6d,0x70,0x6c,0x65,
    0x28,0x62,0x73,0x6d,0x70,0x2c,0x20,0x69,0x6e,0x2e,0x62,0x75,0x76,0x29,0x2e,0x78,
    0x79,0x7a,0x2c,0x20,0x31,0x2e,0x30,0x29,0x3b,0x0a,0x20,0x20,0x20,0x20,0x72,0x65,
    0x74,0x75,0x72,0x6e,0x20,0x6f,0x75,0x74,0x3b,0x0a,0x7d,0x0a,0x0a,0x00,
};
/*
    #include <metal_stdlib>
    #include <simd/simd.h>

    using namespace metal;

    struct vs_params
    {
        float4x4 mvp;
        float4x4 mv;
        float4 color;
        float4 rot_rep;
        float4 res_flags;
        float4 fog;
    };

    struct main0_out
    {
        float2 uv_w [[user(locn0)]];
        float w_out [[user(locn1)]];
        float3 shade [[user(locn2)]];
        float fog_f [[user(locn3)]];
        float4 gl_Position [[position]];
    };

    struct main0_in
    {
        float3 pos [[attribute(0)]];
        float3 nrm [[attribute(1)]];
        float2 texcoord0 [[attribute(2)]];
    };

    vertex main0_out main0(main0_in in [[stage_in]], constant vs_params& _13 [[buffer(0)]])
    {
        main0_out out = {};
        float4 _27 = float4(in.pos, 1.0);
        float4 clip = _13.mvp * _27;
        if (_13.res_flags.z > 0.5)
        {
            float2 _47 = _13.res_flags.xy * 0.5;
            float4 _48 = clip;
            float2 _65 = (floor(((_48.xy / float2(_48.w)) * _47) + float2(0.5)) / _47) * _48.w;
            float4 _185 = _48;
            _185.x = _65.x;
            _185.y = _65.y;
            clip = _185;
        }
        out.gl_Position = clip;
        out.shade = _13.color.xyz * mix(float3(0.4199999868869781494140625, 0.439999997615814208984375, 0.550000011920928955078125), float3(1.0499999523162841796875), float3(fast::max(dot(fast::normalize(float3((_13.rot_rep.x * in.nrm.x) + (_13.rot_rep.y * in.nrm.z), in.nrm.y, ((-_13.rot_rep.y) * in.nrm.x) + (_13.rot_rep.x * in.nrm.z))), float3(0.4319342076778411865234375, 0.863868415355682373046875, 0.259160518646240234375)), 0.0)));
        float _143 = mix(1.0, clip.w, _13.res_flags.w);
        out.uv_w = (in.texcoord0 * _13.rot_rep.z) * _143;
        out.w_out = _143;
        out.fog_f = fast::clamp(((-(_13.mv * _27).z) - _13.fog.x) / (_13.fog.y - _13.fog.x), 0.0, 1.0);
        return out;
    }

*/
static const uint8_t vs_source_metal_sim[1725] = {
    0x23,0x69,0x6e,0x63,0x6c,0x75,0x64,0x65,0x20,0x3c,0x6d,0x65,0x74,0x61,0x6c,0x5f,
    0x73,0x74,0x64,0x6c,0x69,0x62,0x3e,0x0a,0x23,0x69,0x6e,0x63,0x6c,0x75,0x64,0x65,
    0x20,0x3c,0x73,0x69,0x6d,0x64,0x2f,0x73,0x69,0x6d,0x64,0x2e,0x68,0x3e,0x0a,0x0a,
    0x75,0x73,0x69,0x6e,0x67,0x20,0x6e,0x61,0x6d,0x65,0x73,0x70,0x61,0x63,0x65,0x20,
    0x6d,0x65,0x74,0x61,0x6c,0x3b,0x0a,0x0a,0x73,0x74,0x72,0x75,0x63,0x74,0x20,0x76,
    0x73,0x5f,0x70,0x61,0x72,0x61,0x6d,0x73,0x0a,0x7b,0x0a,0x20,0x20,0x20,0x20,0x66,
    0x6c,0x6f,0x61,0x74,0x34,0x78,0x34,0x20,0x6d,0x76,0x70,0x3b,0x0a,0x20,0x20,0x20,
    0x20,0x66,0x6c,0x6f,0x61,0x74,0x34,0x78,0x34,0x20,0x6d,0x76,0x3b,0x0a,0x20,0x20,
    0x20,0x20,0x66,0x6c,0x6f,0x61,0x74,0x34,0x20,0x63,0x6f,0x6c,0x6f,0x72,0x3b,0x0a,
    0x20,0x20,0x20,0x20,0x66,0x6c,0x6f,0x61,0x74,0x34,0x20,0x72,0x6f,0x74,0x5f,0x72,
    0x65,0x70,0x3b,0x0a,0x20,0x20,0x20,0x20,0x66,0x6c,0x6f,0x61,0x74,0x34,0x20,0x72,
    0x65,0x73,0x5f,0x66,0x6c,0x61,0x67,0x73,0x3b,0x0a,0x20,0x20,0x20,0x20,0x66,0x6c,
    0x6f,0x61,0x74,0x34,0x20,0x66,0x6f,0x67,0x3b,0x0a,0x7d,0x3b,0x0a,0x0a,0x73,0x74,
    0x72,0x75,0x63,0x74,0x20,0x6d,0x61,0x69,0x6e,0x30,0x5f,0x6f,0x75,0x74,0x0a,0x7b,
    0x0a,0x20,0x20,0x20,0x20,0x66,0x6c,0x6f,0x61,0x74,0x32,0x20,0x75,0x76,0x5f,0x77,
    0x20,0x5b,0x5b,0x75,0x73,0x65,0x72,0x28,0x6c,0x6f,0x63,0x6e,0x30,0x29,0x5d,0x5d,
    0x3b,0x0a,0x20,0x20,0x20,0x20,0x66,0x6c,0x6f,0x61,0x74,0x20,0x77,0x5f,0x6f,0x75,
    0x74,0x20,0x5b,0x5b,0x75,0x73,0x65,0x72,0x28,0x6c,0x6f,0x63,0x6e,0x31,0x29,0x5d,
    0x5d,0x3b,0x0a,0x20,0x20,0x20,0x20,0x66,0x6c,0x6f,0x61,0x74,0x33,0x20,0x73,0x68,
    0x61,0x64,0x65,0x20,0x5b,0x5b,0x75,0x73,0x65,0x72,0x28,0x6c,0x6f,0x63,0x6e,0x32,
    0x29,0x5d,0x5d,0x3b,0x0a,0x20,0x20,0x20,0x20,0x66,0x6c,0x6f,0x61,0x74,0x20,0x66,
    0x6f,0x67,0x5f,0x66,0x20,0x5b,0x5b,0x75,0x73,0x65,0x72,0x28,0x6c,0x6f,0x63,0x6e,
    0x33,0x29,0x5d,0x5d,0x3b,0x0a,0x20,0x20,0x20,0x20,0x66,0x6c,0x6f,0x61,0x74,0x34,
    0x20,0x67,0x6c,0x5f,0x50,0x6f,0x73,0x69,0x74,0x69,0x6f,0x6e,0x20,0x5b,0x5b,0x70,
    0x6f,0x73,0x69,0x74,0x69,0x6f,0x6e,0x5d,0x5d,0x3b,0x0a,0x7d,0x3b,0x0a,0x0a,0x73,
    0x74,0x72,0x75,0x63,0x74,0x20,0x6d,0x61,0x69,0x6e,0x30,0x5f,0x69,0x6e,0x0a,0x7b,
    0x0a,0x20,0x20,0x20,0x20,0x66,0x6c,0x6f,0x61,0x74,0x33,0x20,0x70,0x6f,0x73,0x20,
    0x5b,0x5b,0x61,0x74,0x74,0x72,0x69,0x62,0x75,0x74,0x65,0x28,0x30,0x29,0x5d,0x5d,
    0x3b,0x0a,0x20,0x20,0x20,0x20,0x66,0x6c,0x6f,0x61,0x74,0x33,0x20,0x6e,0x72,0x6d,
    0x20,0x5b,0x5b,0x61,0x74,0x74,0x72,0x69,0x62,0x75,0x74,0x65,0x28,0x31,0x29,0x5d,
    0x5d,0x3b,0x0a,0x20,0x20,0x20,0x20,0x66,0x6c,0x6f,0x61,0x74,0x32,0x20,0x74,0x65,
    0x78,0x63,0x6f,0x6f,0x72,0x64,0x30,0x20,0x5b,0x5b,0x61,0x74,0x74,0x72,0x69,0x62,
    0x75,0x74,0x65,0x28,0x32,0x29,0x5d,0x5d,0x3b,0x0a,0x7d,0x3b,0x0a,0x0a,0x76,0x65,
    0x72,0x74,0x65,0x78,0x20,0x6d,0x61,0x69,0x6e,0x30,0x5f,0x6f,0x75,0x74,0x20,0x6d,
    0x61,0x69,0x6e,0x30,0x28,0x6d,0x61,0x69,0x6e,0x30,0x5f,0x69,0x6e,0x20,0x69,0x6e,
    0x20,0x5b,0x5b,0x73,0x74,0x61,0x67,0x65,0x5f,0x69,0x6e,0x5d,0x5d,0x2c,0x20,0x63,
    0x6f,0x6e,0x73,0x74,0x61,0x6e,0x74,0x20,0x76,0x73,0x5f,0x70,0x61,0x72,0x61,0x6d,
    0x73,0x26,0x20,0x5f,0x31,0x33,0x20,0x5b,0x5b,0x62,0x75,0x66,0x66,0x65,0x72,0x28,
    0x30,0x29,0x5d,0x5d,0x29,0x0a,0x7b,0x0a,0x20,0x20,0x20,0x20,0x6d,0x61,0x69,0x6e,
    0x30,0x5f,0x6f,0x75,0x74,0x20,0x6f,0x75,0x74,0x20,0x3d,0x20,0x7b,0x7d,0x3b,0x0a,
    0x20,0x20,0x20,0x20,0x66,0x6c,0x6f,0x61,0x74,0x34,0x20,0x5f,0x32,0x37,0x20,0x3d,
    0x20,0x66,0x6c,0x6f,0x61,0x74,0x34,0x28,0x69,0x6e,0x2e,0x70,0x6f,0x73,0x2c,0x20,
    0x31,0x2e,0x30,0x29,0x3b,0x0a,0x20,0x20,0x20,0x20,0x66,0x6c,0x6f,0x61,0x74,0x34,
    0x20,0x63,0x6c,0x69,0x70,0x20,0x3d,0x20,0x5f,0x31,0x33,0x2e,0x6d,0x76,0x70,0x20,
    0x2a,0x20,0x5f,0x32,0x37,0x3b,0x0a,0x20,0x20,0x20,0x20,0x69,0x66,0x20,0x28,0x5f,
    0x31,0x33,0x2e,0x72,0x65,0x73,0x5f,0x66,0x6c,0x61,0x67,0x73,0x2e,0x7a,0x20,0x3e,
    0x20,0x30,0x2e,0x35,0x29,0x0a,0x20,0x20,0x20,0x20,0x7b,0x0a,0x20,0x20,0x20,0x20,
    0x20,0x20,0x20,0x20,0x66,0x6c,0x6f,0x61,0x74,0x32,0x20,0x5f,0x34,0x37,0x20,0x3d,
    0x20,0x5f,0x31,0x33,0x2e,0x72,0x65,0x73,0x5f,0x66,0x6c,0x61,0x67,0x73,0x2e,0x78,
    0x79,0x20,0x2a,0x20,0x30,0x2e,0x35,0x3b,0x0a,0x20,0x20,0x20,0x20,0x20,0x20,0x20,
    0x20,0x66,0x6c,0x6f,0x61,0x74,0x34,0x20,0x5f,0x34,0x38,0x20,0x3d,0x20,0x63,0x6c,
    0x69,0x70,0x3b,0x0a,0x20,0x20,0x20,0x20,0x20,0x20,0x20,0x20,0x66,0x6c,0x6f,0x61,
    0x74,0x32,0x20,0x5f,0x36,0x35,0x20,0x3d,0x20,0x28,0x66,0x6c,0x6f,0x6f,0x72,0x28,
    0x28,0x28,0x5f,0x34,0x38,0x2e,0x78,0x79,0x20,0x2f,0x20,0x66,0x6c,0x6f,0x61,0x74,
    0x32,0x28,0x5f,0x34,0x38,0x2e,0x77,0x29,0x29,0x20,0x2a,0x20,0x5f,0x34,0x37,0x29,
    0x20,0x2b,0x20,0x66,0x6c,0x6f,0x61,0x74,0x32,0x28,0x30,0x2e,0x35,0x29,0x29,0x20,
    0x2f,0x20,0x5f,0x34,0x37,0x29,0x20,0x2a,0x20,0x5f,0x34,0x38,0x2e,0x77,0x3b,0x0a,
    0x20,0x20,0x20,0x20,0x20,0x20,0x20,0x20,0x66,0x6c,0x6f,0x61,0x74,0x34,0x20,0x5f,
    0x31,0x38,0x35,0x20,0x3d,0x20,0x5f,0x34,0x38,0x3b,0x0a,0x20,0x20,0x20,0x20,0x20,
    0x20,0x20,0x20,0x5f,0x31,0x38,0x35,0x2e,0x78,0x20,0x3d,0x20,0x5f,0x36,0x35,0x2e,
    0x78,0x3b,0x0a,0x20,0x20,0x20,0x20,0x20,0x20,0x20,0x20,0x5f,0x31,0x38,0x35,0x2e,
    0x79,0x20,0x3d,0x20,0x5f,0x36,0x35,0x2e,0x79,0x3b,0x0a,0x20,0x20,0x20,0x20,0x20,
    0x20,0x20,0x20,0x63,0x6c,0x69,0x70,0x20,0x3d,0x20,0x5f,0x31,0x38,0x35,0x3b,0x0a,
    0x20,0x20,0x20,0x20,0x7d,0x0a,0x20,0x20,0x20,0x20,0x6f,0x75,0x74,0x2e,0x67,0x6c,
    0x5f,0x50,0x6f,0x73,0x69,0x74,0x69,0x6f,0x6e,0x20,0x3d,0x20,0x63,0x6c,0x69,0x70,
    0x3b,0x0a,0x20,0x20,0x20,0x20,0x6f,0x75,0x74,0x2e,0x73,0x68,0x61,0x64,0x65,0x20,
    0x3d,0x20,0x5f,0x31,0x33,0x2e,0x63,0x6f,0x6c,0x6f,0x72,0x2e,0x78,0x79,0x7a,0x20,
    0x2a,0x20,0x6d,0x69,0x78,0x28,0x66,0x6c,0x6f,0x61,0x74,0x33,0x28,0x30,0x2e,0x34,
    0x31,0x39,0x39,0x39,0x39,0x39,0x38,0x36,0x38,0x38,0x36,0x39,0x37,0x38,0x31,0x34,
    0x39,0x34,0x31,0x34,0x30,0x36,0x32,0x35,0x2c,0x20,0x30,0x2e,0x34,0x33,0x39,0x39,
    0x39,0x39,0x39,0x39,0x37,0x36,0x31,0x35,0x38,0x31,0x34,0x32,0x30,0x38,0x39,0x38,
    0x34,0x33,0x37,0x35,0x2c,0x20,0x30,0x2e,0x35,0x35,0x30,0x30,0x30,0x30,0x30,0x31,
    0x31,0x39,0x32,0x30,0x39,0x32,0x38,0x39,0x35,0x35,0x30,0x37,0x38,0x31,0x32,0x35,
    0x29,0x2c,0x20,0x66,0x6c,0x6f,0x61,0x74,0x33,0x28,0x31,0x2e,0x30,0x34,0x39,0x39,
    0x39,0x39,0x39,0x35,0x32,0x33,0x31,0x36,0x32,0x38,0x34,0x31,0x37,0x39,0x36,0x38,
    0x37,0x35,0x29,0x2c,0x20,0x66,0x6c,0x6f,0x61,0x74,0x33,0x28,0x66,0x61,0x73,0x74,
    0x3a,0x3a,0x6d,0x61,0x78,0x28,0x64,0x6f,0x74,0x28,0x66,0x61,0x73,0x74,0x3a,0x3a,
    0x6e,0x6f,0x72,0x6d,0x61,0x6c,0x69,0x7a,0x65,0x28,0x66,0x6c,0x6f,0x61,0x74,0x33,
    0x28,0x28,0x5f,0x31,0x33,0x2e,0x72,0x6f,0x74,0x5f,0x72,0x65,0x70,0x2e,0x78,0x20,
    0x2a,0x20,0x69,0x6e,0x2e,0x6e,0x72,0x6d,0x2e,0x78,0x29,0x20,0x2b,0x20,0x28,0x5f,
    0x31,0x33,0x2e,0x72,0x6f,0x74,0x5f,0x72,0x65,0x70,0x2e,0x79,0x20,0x2a,0x20,0x69,
    0x6e,0x2e,0x6e,0x72,0x6d,0x2e,0x7a,0x29,0x2c,0x20,0x69,0x6e,0x2e,0x6e,0x72,0x6d,
    0x2e,0x79,0x2c,0x20,0x28,0x28,0x2d,0x5f,0x31,0x33,0x2e,0x72,0x6f,0x74,0x5f,0x72,
    0x65,0x70,0x2e,0x79,0x29,0x20,0x2a,0x20,0x69,0x6e,0x2e,0x6e,0x72,0x6d,0x2e,0x78,
    0x29,0x20,0x2b,0x20,0x28,0x5f,0x31,0x33,0x2e,0x72,0x6f,0x74,0x5f,0x72,0x65,0x70,
    0x2e,0x78,0x20,0x2a,0x20,0x69,0x6e,0x2e,0x6e,0x72,0x6d,0x2e,0x7a,0x29,0x29,0x29,
    0x2c,0x20,0x66,0x6c,0x6f,0x61,0x74,0x33,0x28,0x30,0x2e,0x34,0x33,0x31,0x39,0x33,
    0x34,0x32,0x30,0x37,0x36,0x37,0x37,0x38,0x34,0x31,0x31,0x38,0x36,0x35,0x32,0x33,
    0x34,0x33,0x37,0x35,0x2c,0x20,0x30,0x2e,0x38,0x36,0x33,0x38,0x36,0x38,0x34,0x31,
    0x35,0x33,0x35,0x35,0x36,0x38,0x32,0x33,0x37,0x33,0x30,0x34,0x36,0x38,0x37,0x35,
    0x2c,0x20,0x30,0x2e,0x32,0x35,0x39,0x31,0x36,0x30,0x35,0x31,0x38,0x36,0x34,0x36,
    0x32,0x34,0x30,0x32,0x33,0x34,0x33,0x37,0x35,0x29,0x29,0x2c,0x20,0x30,0x2e,0x30,
    0x29,0x29,0x29,0x3b,0x0a,0x20,0x20,0x20,0x20,0x66,0x6c,0x6f,0x61,0x74,0x20,0x5f,
    0x31,0x34,0x33,0x20,0x3d,0x20,0x6d,0x69,0x78,0x28,0x31,0x2e,0x30,0x2c,0x20,0x63,
    0x6c,0x69,0x70,0x2e,0x77,0x2c,0x20,0x5f,0x31,0x33,0x2e,0x72,0x65,0x73,0x5f,0x66,
    0x6c,0x61,0x67,0x73,0x2e,0x77,0x29,0x3b,0x0a,0x20,0x20,0x20,0x20,0x6f,0x75,0x74,
    0x2e,0x75,0x76,0x5f,0x77,0x20,0x3d,0x20,0x28,0x69,0x6e,0x2e,0x74,0x65,0x78,0x63,
    0x6f,0x6f,0x72,0x64,0x30,0x20,0x2a,0x20,0x5f,0x31,0x33,0x2e,0x72,0x6f,0x74,0x5f,
    0x72,0x65,0x70,0x2e,0x7a,0x29,0x20,0x2a,0x20,0x5f,0x31,0x34,0x33,0x3b,0x0a,0x20,
    0x20,0x20,0x20,0x6f,0x75,0x74,0x2e,0x77,0x5f,0x6f,0x75,0x74,0x20,0x3d,0x20,0x5f,
    0x31,0x34,0x33,0x3b,0x0a,0x20,0x20,0x20,0x20,0x6f,0x75,0x74,0x2e,0x66,0x6f,0x67,
    0x5f,0x66,0x20,0x3d,0x20,0x66,0x61,0x73,0x74,0x3a,0x3a,0x63,0x6c,0x61,0x6d,0x70,
    0x28,0x28,0x28,0x2d,0x28,0x5f,0x31,0x33,0x2e,0x6d,0x76,0x20,0x2a,0x20,0x5f,0x32,
    0x37,0x29,0x2e,0x7a,0x29,0x20,0x2d,0x20,0x5f,0x31,0x33,0x2e,0x66,0x6f,0x67,0x2e,
    0x78,0x29,0x20,0x2f,0x20,0x28,0x5f,0x31,0x33,0x2e,0x66,0x6f,0x67,0x2e,0x79,0x20,
    0x2d,0x20,0x5f,0x31,0x33,0x2e,0x66,0x6f,0x67,0x2e,0x78,0x29,0x2c,0x20,0x30,0x2e,
    0x30,0x2c,0x20,0x31,0x2e,0x30,0x29,0x3b,0x0a,0x20,0x20,0x20,0x20,0x72,0x65,0x74,
    0x75,0x72,0x6e,0x20,0x6f,0x75,0x74,0x3b,0x0a,0x7d,0x0a,0x0a,0x00,
};
/*
    #pragma clang diagnostic ignored "-Wmissing-prototypes"

    #include <metal_stdlib>
    #include <simd/simd.h>

    using namespace metal;

    struct fs_params
    {
        float4 fog_color;
    };

    struct main0_out
    {
        float4 frag_color [[color(0)]];
    };

    struct main0_in
    {
        float2 uv_w [[user(locn0)]];
        float w_out [[user(locn1)]];
        float3 shade [[user(locn2)]];
        float fog_f [[user(locn3)]];
    };

    static inline __attribute__((always_inline))
    float b2(thread float2& a)
    {
        a = floor(a);
        return fract((a.x * 0.5) + ((a.y * a.y) * 0.75));
    }

    static inline __attribute__((always_inline))
    float b4(thread const float2& a)
    {
        float2 param = a * 0.5;
        float _40 = b2(param);
        float2 param_1 = a;
        float _45 = b2(param_1);
        return (_40 * 0.25) + _45;
    }

    fragment main0_out main0(main0_in in [[stage_in]], constant fs_params& _82 [[buffer(1)]], texture2d<float> tex [[texture(0)]], sampler smp [[sampler(0)]], float4 gl_FragCoord [[position]])
    {
        main0_out out = {};
        float3 c = mix(in.shade * tex.sample(smp, (in.uv_w / float2(in.w_out))).xyz, _82.fog_color.xyz, float3(in.fog_f));
        if (_82.fog_color.w > 0.5)
        {
            float2 param = gl_FragCoord.xy;
            c = floor((c * 15.0) + float3(b4(param))) * float3(0.066666670143604278564453125);
        }
        out.frag_color = float4(c, 1.0);
        return out;
    }

*/
static const uint8_t fs_source_metal_sim[1324] = {
    0x23,0x70,0x72,0x61,0x67,0x6d,0x61,0x20,0x63,0x6c,0x61,0x6e,0x67,0x20,0x64,0x69,
    0x61,0x67,0x6e,0x6f,0x73,0x74,0x69,0x63,0x20,0x69,0x67,0x6e,0x6f,0x72,0x65,0x64,
    0x20,0x22,0x2d,0x57,0x6d,0x69,0x73,0x73,0x69,0x6e,0x67,0x2d,0x70,0x72,0x6f,0x74,
    0x6f,0x74,0x79,0x70,0x65,0x73,0x22,0x0a,0x0a,0x23,0x69,0x6e,0x63,0x6c,0x75,0x64,
    0x65,0x20,0x3c,0x6d,0x65,0x74,0x61,0x6c,0x5f,0x73,0x74,0x64,0x6c,0x69,0x62,0x3e,
    0x0a,0x23,0x69,0x6e,0x63,0x6c,0x75,0x64,0x65,0x20,0x3c,0x73,0x69,0x6d,0x64,0x2f,
    0x73,0x69,0x6d,0x64,0x2e,0x68,0x3e,0x0a,0x0a,0x75,0x73,0x69,0x6e,0x67,0x20,0x6e,
    0x61,0x6d,0x65,0x73,0x70,0x61,0x63,0x65,0x20,0x6d,0x65,0x74,0x61,0x6c,0x3b,0x0a,
    0x0a,0x73,0x74,0x72,0x75,0x63,0x74,0x20,0x66,0x73,0x5f,0x70,0x61,0x72,0x61,0x6d,
    0x73,0x0a,0x7b,0x0a,0x20,0x20,0x20,0x20,0x66,0x6c,0x6f,0x61,0x74,0x34,0x20,0x66,
    0x6f,0x67,0x5f,0x63,0x6f,0x6c,0x6f,0x72,0x3b,0x0a,0x7d,0x3b,0x0a,0x0a,0x73,0x74,
    0x72,0x75,0x63,0x74,0x20,0x6d,0x61,0x69,0x6e,0x30,0x5f,0x6f,0x75,0x74,0x0a,0x7b,
    0x0a,0x20,0x20,0x20,0x20,0x66,0x6c,0x6f,0x61,0x74,0x34,0x20,0x66,0x72,0x61,0x67,
    0x5f,0x63,0x6f,0x6c,0x6f,0x72,0x20,0x5b,0x5b,0x63,0x6f,0x6c,0x6f,0x72,0x28,0x30,
    0x29,0x5d,0x5d,0x3b,0x0a,0x7d,0x3b,0x0a,0x0a,0x73,0x74,0x72,0x75,0x63,0x74,0x20,
    0x6d,0x61,0x69,0x6e,0x30,0x5f,0x69,0x6e,0x0a,0x7b,0x0a,0x20,0x20,0x20,0x20,0x66,
    0x6c,0x6f,0x61,0x74,0x32,0x20,0x75,0x76,0x5f,0x77,0x20,0x5b,0x5b,0x75,0x73,0x65,
    0x72,0x28,0x6c,0x6f,0x63,0x6e,0x30,0x29,0x5d,0x5d,0x3b,0x0a,0x20,0x20,0x20,0x20,
    0x66,0x6c,0x6f,0x61,0x74,0x20,0x77,0x5f,0x6f,0x75,0x74,0x20,0x5b,0x5b,0x75,0x73,
    0x65,0x72,0x28,0x6c,0x6f,0x63,0x6e,0x31,0x29,0x5d,0x5d,0x3b,0x0a,0x20,0x20,0x20,
    0x20,0x66,0x6c,0x6f,0x61,0x74,0x33,0x20,0x73,0x68,0x61,0x64,0x65,0x20,0x5b,0x5b,
    0x75,0x73,0x65,0x72,0x28,0x6c,0x6f,0x63,0x6e,0x32,0x29,0x5d,0x5d,0x3b,0x0a,0x20,
    0x20,0x20,0x20,0x66,0x6c,0x6f,0x61,0x74,0x20,0x66,0x6f,0x67,0x5f,0x66,0x20,0x5b,
    0x5b,0x75,0x73,0x65,0x72,0x28,0x6c,0x6f,0x63,0x6e,0x33,0x29,0x5d,0x5d,0x3b,0x0a,
    0x7d,0x3b,0x0a,0x0a,0x73,0x74,0x61,0x74,0x69,0x63,0x20,0x69,0x6e,0x6c,0x69,0x6e,
    0x65,0x20,0x5f,0x5f,0x61,0x74,0x74,0x72,0x69,0x62,0x75,0x74,0x65,0x5f,0x5f,0x28,
    0x28,0x61,0x6c,0x77,0x61,0x79,0x73,0x5f,0x69,0x6e,0x6c,0x69,0x6e,0x65,0x29,0x29,
    0x0a,0x66,0x6c,0x6f,0x61,0x74,0x20,0x62,0x32,0x28,0x74,0x68,0x72,0x65,0x61,0x64,
    0x20,0x66,0x6c,0x6f,0x61,0x74,0x32,0x26,0x20,0x61,0x29,0x0a,0x7b,0x0a,0x20,0x20,
    0x20,0x20,0x61,0x20,0x3d,0x20,0x66,0x6c,0x6f,0x6f,0x72,0x28,0x61,0x29,0x3b,0x0a,
    0x20,0x20,0x20,0x20,0x72,0x65,0x74,0x75,0x72,0x6e,0x20,0x66,0x72,0x61,0x63,0x74,
    0x28,0x28,0x61,0x2e,0x78,0x20,0x2a,0x20,0x30,0x2e,0x35,0x29,0x20,0x2b,0x20,0x28,
    0x28,0x61,0x2e,0x79,0x20,0x2a,0x20,0x61,0x2e,0x79,0x29,0x20,0x2a,0x20,0x30,0x2e,
    0x37,0x35,0x29,0x29,0x3b,0x0a,0x7d,0x0a,0x0a,0x73,0x74,0x61,0x74,0x69,0x63,0x20,
    0x69,0x6e,0x6c,0x69,0x6e,0x65,0x20,0x5f,0x5f,0x61,0x74,0x74,0x72,0x69,0x62,0x75,
    0x74,0x65,0x5f,0x5f,0x28,0x28,0x61,0x6c,0x77,0x61,0x79,0x73,0x5f,0x69,0x6e,0x6c,
    0x69,0x6e,0x65,0x29,0x29,0x0a,0x66,0x6c,0x6f,0x61,0x74,0x20,0x62,0x34,0x28,0x74,
    0x68,0x72,0x65,0x61,0x64,0x20,0x63,0x6f,0x6e,0x73,0x74,0x20,0x66,0x6c,0x6f,0x61,
    0x74,0x32,0x26,0x20,0x61,0x29,0x0a,0x7b,0x0a,0x20,0x20,0x20,0x20,0x66,0x6c,0x6f,
    0x61,0x74,0x32,0x20,0x70,0x61,0x72,0x61,0x6d,0x20,0x3d,0x20,0x61,0x20,0x2a,0x20,
    0x30,0x2e,0x35,0x3b,0x0a,0x20,0x20,0x20,0x20,0x66,0x6c,0x6f,0x61,0x74,0x20,0x5f,
    0x34,0x30,0x20,0x3d,0x20,0x62,0x32,0x28,0x70,0x61,0x72,0x61,0x6d,0x29,0x3b,0x0a,
    0x20,0x20,0x20,0x20,0x66,0x6c,0x6f,0x61,0x74,0x32,0x20,0x70,0x61,0x72,0x61,0x6d,
    0x5f,0x31,0x20,0x3d,0x20,0x61,0x3b,0x0a,0x20,0x20,0x20,0x20,0x66,0x6c,0x6f,0x61,
    0x74,0x20,0x5f,0x34,0x35,0x20,0x3d,0x20,0x62,0x32,0x28,0x70,0x61,0x72,0x61,0x6d,
    0x5f,0x31,0x29,0x3b,0x0a,0x20,0x20,0x20,0x20,0x72,0x65,0x74,0x75,0x72,0x6e,0x20,
    0x28,0x5f,0x34,0x30,0x20,0x2a,0x20,0x30,0x2e,0x32,0x35,0x29,0x20,0x2b,0x20,0x5f,
    0x34,0x35,0x3b,0x0a,0x7d,0x0a,0x0a,0x66,0x72,0x61,0x67,0x6d,0x65,0x6e,0x74,0x20,
    0x6d,0x61,0x69,0x6e,0x30,0x5f,0x6f,0x75,0x74,0x20,0x6d,0x61,0x69,0x6e,0x30,0x28,
    0x6d,0x61,0x69,0x6e,0x30,0x5f,0x69,0x6e,0x20,0x69,0x6e,0x20,0x5b,0x5b,0x73,0x74,
    0x61,0x67,0x65,0x5f,0x69,0x6e,0x5d,0x5d,0x2c,0x20,0x63,0x6f,0x6e,0x73,0x74,0x61,
    0x6e,0x74,0x20,0x66,0x73,0x5f,0x70,0x61,0x72,0x61,0x6d,0x73,0x26,0x20,0x5f,0x38,
    0x32,0x20,0x5b,0x5b,0x62,0x75,0x66,0x66,0x65,0x72,0x28,0x31,0x29,0x5d,0x5d,0x2c,
    0x20,0x74,0x65,0x78,0x74,0x75,0x72,0x65,0x32,0x64,0x3c,0x66,0x6c,0x6f,0x61,0x74,
    0x3e,0x20,0x74,0x65,0x78,0x20,0x5b,0x5b,0x74,0x65,0x78,0x74,0x75,0x72,0x65,0x28,
    0x30,0x29,0x5d,0x5d,0x2c,0x20,0x73,0x61,0x6d,0x70,0x6c,0x65,0x72,0x20,0x73,0x6d,
    0x70,0x20,0x5b,0x5b,0x73,0x61,0x6d,0x70,0x6c,0x65,0x72,0x28,0x30,0x29,0x5d,0x5d,
    0x2c,0x20,0x66,0x6c,0x6f,0x61,0x74,0x34,0x20,0x67,0x6c,0x5f,0x46,0x72,0x61,0x67,
    0x43,0x6f,0x6f,0x72,0x64,0x20,0x5b,0x5b,0x70,0x6f,0x73,0x69,0x74,0x69,0x6f,0x6e,
    0x5d,0x5d,0x29,0x0a,0x7b,0x0a,0x20,0x20,0x20,0x20,0x6d,0x61,0x69,0x6e,0x30,0x5f,
    0x6f,0x75,0x74,0x20,0x6f,0x75,0x74,0x20,0x3d,0x20,0x7b,0x7d,0x3b,0x0a,0x20,0x20,
    0x20,0x20,0x66,0x6c,0x6f,0x61,0x74,0x33,0x20,0x63,0x20,0x3d,0x20,0x6d,0x69,0x78,
    0x28,0x69,0x6e,0x2e,0x73,0x68,0x61,0x64,0x65,0x20,0x2a,0x20,0x74,0x65,0x78,0x2e,
    0x73,0x61,0x6d,0x70,0x6c,0x65,0x28,0x73,0x6d,0x70,0x2c,0x20,0x28,0x69,0x6e,0x2e,
    0x75,0x76,0x5f,0x77,0x20,0x2f,0x20,0x66,0x6c,0x6f,0x61,0x74,0x32,0x28,0x69,0x6e,
    0x2e,0x77,0x5f,0x6f,0x75,0x74,0x29,0x29,0x29,0x2e,0x78,0x79,0x7a,0x2c,0x20,0x5f,
    0x38,0x32,0x2e,0x66,0x6f,0x67,0x5f,0x63,0x6f,0x6c,0x6f,0x72,0x2e,0x78,0x79,0x7a,
    0x2c,0x20,0x66,0x6c,0x6f,0x61,0x74,0x33,0x28,0x69,0x6e,0x2e,0x66,0x6f,0x67,0x5f,
    0x66,0x29,0x29,0x3b,0x0a,0x20,0x20,0x20,0x20,0x69,0x66,0x20,0x28,0x5f,0x38,0x32,
    0x2e,0x66,0x6f,0x67,0x5f,0x63,0x6f,0x6c,0x6f,0x72,0x2e,0x77,0x20,0x3e,0x20,0x30,
    0x2e,0x35,0x29,0x0a,0x20,0x20,0x20,0x20,0x7b,0x0a,0x20,0x20,0x20,0x20,0x20,0x20,
    0x20,0x20,0x66,0x6c,0x6f,0x61,0x74,0x32,0x20,0x70,0x61,0x72,0x61,0x6d,0x20,0x3d,
    0x20,0x67,0x6c,0x5f,0x46,0x72,0x61,0x67,0x43,0x6f,0x6f,0x72,0x64,0x2e,0x78,0x79,
    0x3b,0x0a,0x20,0x20,0x20,0x20,0x20,0x20,0x20,0x20,0x63,0x20,0x3d,0x20,0x66,0x6c,
    0x6f,0x6f,0x72,0x28,0x28,0x63,0x20,0x2a,0x20,0x31,0x35,0x2e,0x30,0x29,0x20,0x2b,
    0x20,0x66,0x6c,0x6f,0x61,0x74,0x33,0x28,0x62,0x34,0x28,0x70,0x61,0x72,0x61,0x6d,
    0x29,0x29,0x29,0x20,0x2a,0x20,0x66,0x6c,0x6f,0x61,0x74,0x33,0x28,0x30,0x2e,0x30,
    0x36,0x36,0x36,0x36,0x36,0x36,0x37,0x30,0x31,0x34,0x33,0x36,0x30,0x34,0x32,0x37,
    0x38,0x35,0x36,0x34,0x34,0x35,0x33,0x31,0x32,0x35,0x29,0x3b,0x0a,0x20,0x20,0x20,
    0x20,0x7d,0x0a,0x20,0x20,0x20,0x20,0x6f,0x75,0x74,0x2e,0x66,0x72,0x61,0x67,0x5f,
    0x63,0x6f,0x6c,0x6f,0x72,0x20,0x3d,0x20,0x66,0x6c,0x6f,0x61,0x74,0x34,0x28,0x63,
    0x2c,0x20,0x31,0x2e,0x30,0x29,0x3b,0x0a,0x20,0x20,0x20,0x20,0x72,0x65,0x74,0x75,
    0x72,0x6e,0x20,0x6f,0x75,0x74,0x3b,0x0a,0x7d,0x0a,0x0a,0x00,
};
/*
    #include <metal_stdlib>
    #include <simd/simd.h>

    using namespace metal;

    struct blit_params
    {
        float4 flip;
    };

    struct main0_out
    {
        float2 buv [[user(locn0)]];
        float4 gl_Position [[position]];
    };

    struct main0_in
    {
        float2 bpos [[attribute(0)]];
    };

    vertex main0_out main0(main0_in in [[stage_in]], constant blit_params& _39 [[buffer(0)]])
    {
        main0_out out = {};
        out.gl_Position = float4((in.bpos * 2.0) - float2(1.0), 0.0, 1.0);
        float _47;
        if (_39.flip.x > 0.5)
        {
            _47 = 1.0 - in.bpos.y;
        }
        else
        {
            _47 = in.bpos.y;
        }
        out.buv = float2(in.bpos.x, _47);
        return out;
    }

*/
static const uint8_t blit_vs_source_metal_sim[637] = {
    0x23,0x69,0x6e,0x63,0x6c,0x75,0x64,0x65,0x20,0x3c,0x6d,0x65,0x74,0x61,0x6c,0x5f,
    0x73,0x74,0x64,0x6c,0x69,0x62,0x3e,0x0a,0x23,0x69,0x6e,0x63,0x6c,0x75,0x64,0x65,
    0x20,0x3c,0x73,0x69,0x6d,0x64,0x2f,0x73,0x69,0x6d,0x64,0x2e,0x68,0x3e,0x0a,0x0a,
    0x75,0x73,0x69,0x6e,0x67,0x20,0x6e,0x61,0x6d,0x65,0x73,0x70,0x61,0x63,0x65,0x20,
    0x6d,0x65,0x74,0x61,0x6c,0x3b,0x0a,0x0a,0x73,0x74,0x72,0x75,0x63,0x74,0x20,0x62,
    0x6c,0x69,0x74,0x5f,0x70,0x61,0x72,0x61,0x6d,0x73,0x0a,0x7b,0x0a,0x20,0x20,0x20,
    0x20,0x66,0x6c,0x6f,0x61,0x74,0x34,0x20,0x66,0x6c,0x69,0x70,0x3b,0x0a,0x7d,0x3b,
    0x0a,0x0a,0x73,0x74,0x72,0x75,0x63,0x74,0x20,0x6d,0x61,0x69,0x6e,0x30,0x5f,0x6f,
    0x75,0x74,0x0a,0x7b,0x0a,0x20,0x20,0x20,0x20,0x66,0x6c,0x6f,0x61,0x74,0x32,0x20,
    0x62,0x75,0x76,0x20,0x5b,0x5b,0x75,0x73,0x65,0x72,0x28,0x6c,0x6f,0x63,0x6e,0x30,
    0x29,0x5d,0x5d,0x3b,0x0a,0x20,0x20,0x20,0x20,0x66,0x6c,0x6f,0x61,0x74,0x34,0x20,
    0x67,0x6c,0x5f,0x50,0x6f,0x73,0x69,0x74,0x69,0x6f,0x6e,0x20,0x5b,0x5b,0x70,0x6f,
    0x73,0x69,0x74,0x69,0x6f,0x6e,0x5d,0x5d,0x3b,0x0a,0x7d,0x3b,0x0a,0x0a,0x73,0x74,
    0x72,0x75,0x63,0x74,0x20,0x6d,0x61,0x69,0x6e,0x30,0x5f,0x69,0x6e,0x0a,0x7b,0x0a,
    0x20,0x20,0x20,0x20,0x66,0x6c,0x6f,0x61,0x74,0x32,0x20,0x62,0x70,0x6f,0x73,0x20,
    0x5b,0x5b,0x61,0x74,0x74,0x72,0x69,0x62,0x75,0x74,0x65,0x28,0x30,0x29,0x5d,0x5d,
    0x3b,0x0a,0x7d,0x3b,0x0a,0x0a,0x76,0x65,0x72,0x74,0x65,0x78,0x20,0x6d,0x61,0x69,
    0x6e,0x30,0x5f,0x6f,0x75,0x74,0x20,0x6d,0x61,0x69,0x6e,0x30,0x28,0x6d,0x61,0x69,
    0x6e,0x30,0x5f,0x69,0x6e,0x20,0x69,0x6e,0x20,0x5b,0x5b,0x73,0x74,0x61,0x67,0x65,
    0x5f,0x69,0x6e,0x5d,0x5d,0x2c,0x20,0x63,0x6f,0x6e,0x73,0x74,0x61,0x6e,0x74,0x20,
    0x62,0x6c,0x69,0x74,0x5f,0x70,0x61,0x72,0x61,0x6d,0x73,0x26,0x20,0x5f,0x33,0x39,
    0x20,0x5b,0x5b,0x62,0x75,0x66,0x66,0x65,0x72,0x28,0x30,0x29,0x5d,0x5d,0x29,0x0a,
    0x7b,0x0a,0x20,0x20,0x20,0x20,0x6d,0x61,0x69,0x6e,0x30,0x5f,0x6f,0x75,0x74,0x20,
    0x6f,0x75,0x74,0x20,0x3d,0x20,0x7b,0x7d,0x3b,0x0a,0x20,0x20,0x20,0x20,0x6f,0x75,
    0x74,0x2e,0x67,0x6c,0x5f,0x50,0x6f,0x73,0x69,0x74,0x69,0x6f,0x6e,0x20,0x3d,0x20,
    0x66,0x6c,0x6f,0x61,0x74,0x34,0x28,0x28,0x69,0x6e,0x2e,0x62,0x70,0x6f,0x73,0x20,
    0x2a,0x20,0x32,0x2e,0x30,0x29,0x20,0x2d,0x20,0x66,0x6c,0x6f,0x61,0x74,0x32,0x28,
    0x31,0x2e,0x30,0x29,0x2c,0x20,0x30,0x2e,0x30,0x2c,0x20,0x31,0x2e,0x30,0x29,0x3b,
    0x0a,0x20,0x20,0x20,0x20,0x66,0x6c,0x6f,0x61,0x74,0x20,0x5f,0x34,0x37,0x3b,0x0a,
    0x20,0x20,0x20,0x20,0x69,0x66,0x20,0x28,0x5f,0x33,0x39,0x2e,0x66,0x6c,0x69,0x70,
    0x2e,0x78,0x20,0x3e,0x20,0x30,0x2e,0x35,0x29,0x0a,0x20,0x20,0x20,0x20,0x7b,0x0a,
    0x20,0x20,0x20,0x20,0x20,0x20,0x20,0x20,0x5f,0x34,0x37,0x20,0x3d,0x20,0x31,0x2e,
    0x30,0x20,0x2d,0x20,0x69,0x6e,0x2e,0x62,0x70,0x6f,0x73,0x2e,0x79,0x3b,0x0a,0x20,
    0x20,0x20,0x20,0x7d,0x0a,0x20,0x20,0x20,0x20,0x65,0x6c,0x73,0x65,0x0a,0x20,0x20,
    0x20,0x20,0x7b,0x0a,0x20,0x20,0x20,0x20,0x20,0x20,0x20,0x20,0x5f,0x34,0x37,0x20,
    0x3d,0x20,0x69,0x6e,0x2e,0x62,0x70,0x6f,0x73,0x2e,0x79,0x3b,0x0a,0x20,0x20,0x20,
    0x20,0x7d,0x0a,0x20,0x20,0x20,0x20,0x6f,0x75,0x74,0x2e,0x62,0x75,0x76,0x20,0x3d,
    0x20,0x66,0x6c,0x6f,0x61,0x74,0x32,0x28,0x69,0x6e,0x2e,0x62,0x70,0x6f,0x73,0x2e,
    0x78,0x2c,0x20,0x5f,0x34,0x37,0x29,0x3b,0x0a,0x20,0x20,0x20,0x20,0x72,0x65,0x74,
    0x75,0x72,0x6e,0x20,0x6f,0x75,0x74,0x3b,0x0a,0x7d,0x0a,0x0a,0x00,
};
/*
    #include <metal_stdlib>
    #include <simd/simd.h>

    using namespace metal;

    struct main0_out
    {
        float4 frag_color [[color(0)]];
    };

    struct main0_in
    {
        float2 buv [[user(locn0)]];
    };

    fragment main0_out main0(main0_in in [[stage_in]], texture2d<float> btex [[texture(0)]], sampler bsmp [[sampler(0)]])
    {
        main0_out out = {};
        out.frag_color = float4(btex.sample(bsmp, in.buv).xyz, 1.0);
        return out;
    }

*/
static const uint8_t blit_fs_source_metal_sim[414] = {
    0x23,0x69,0x6e,0x63,0x6c,0x75,0x64,0x65,0x20,0x3c,0x6d,0x65,0x74,0x61,0x6c,0x5f,
    0x73,0x74,0x64,0x6c,0x69,0x62,0x3e,0x0a,0x23,0x69,0x6e,0x63,0x6c,0x75,0x64,0x65,
    0x20,0x3c,0x73,0x69,0x6d,0x64,0x2f,0x73,0x69,0x6d,0x64,0x2e,0x68,0x3e,0x0a,0x0a,
    0x75,0x73,0x69,0x6e,0x67,0x20,0x6e,0x61,0x6d,0x65,0x73,0x70,0x61,0x63,0x65,0x20,
    0x6d,0x65,0x74,0x61,0x6c,0x3b,0x0a,0x0a,0x73,0x74,0x72,0x75,0x63,0x74,0x20,0x6d,
    0x61,0x69,0x6e,0x30,0x5f,0x6f,0x75,0x74,0x0a,0x7b,0x0a,0x20,0x20,0x20,0x20,0x66,
    0x6c,0x6f,0x61,0x74,0x34,0x20,0x66,0x72,0x61,0x67,0x5f,0x63,0x6f,0x6c,0x6f,0x72,
    0x20,0x5b,0x5b,0x63,0x6f,0x6c,0x6f,0x72,0x28,0x30,0x29,0x5d,0x5d,0x3b,0x0a,0x7d,
    0x3b,0x0a,0x0a,0x73,0x74,0x72,0x75,0x63,0x74,0x20,0x6d,0x61,0x69,0x6e,0x30,0x5f,
    0x69,0x6e,0x0a,0x7b,0x0a,0x20,0x20,0x20,0x20,0x66,0x6c,0x6f,0x61,0x74,0x32,0x20,
    0x62,0x75,0x76,0x20,0x5b,0x5b,0x75,0x73,0x65,0x72,0x28,0x6c,0x6f,0x63,0x6e,0x30,
    0x29,0x5d,0x5d,0x3b,0x0a,0x7d,0x3b,0x0a,0x0a,0x66,0x72,0x61,0x67,0x6d,0x65,0x6e,
    0x74,0x20,0x6d,0x61,0x69,0x6e,0x30,0x5f,0x6f,0x75,0x74,0x20,0x6d,0x61,0x69,0x6e,
    0x30,0x28,0x6d,0x61,0x69,0x6e,0x30,0x5f,0x69,0x6e,0x20,0x69,0x6e,0x20,0x5b,0x5b,
    0x73,0x74,0x61,0x67,0x65,0x5f,0x69,0x6e,0x5d,0x5d,0x2c,0x20,0x74,0x65,0x78,0x74,
    0x75,0x72,0x65,0x32,0x64,0x3c,0x66,0x6c,0x6f,0x61,0x74,0x3e,0x20,0x62,0x74,0x65,
    0x78,0x20,0x5b,0x5b,0x74,0x65,0x78,0x74,0x75,0x72,0x65,0x28,0x30,0x29,0x5d,0x5d,
    0x2c,0x20,0x73,0x61,0x6d,0x70,0x6c,0x65,0x72,0x20,0x62,0x73,0x6d,0x70,0x20,0x5b,
    0x5b,0x73,0x61,0x6d,0x70,0x6c,0x65,0x72,0x28,0x30,0x29,0x5d,0x5d,0x29,0x0a,0x7b,
    0x0a,0x20,0x20,0x20,0x20,0x6d,0x61,0x69,0x6e,0x30,0x5f,0x6f,0x75,0x74,0x20,0x6f,
    0x75,0x74,0x20,0x3d,0x20,0x7b,0x7d,0x3b,0x0a,0x20,0x20,0x20,0x20,0x6f,0x75,0x74,
    0x2e,0x66,0x72,0x61,0x67,0x5f,0x63,0x6f,0x6c,0x6f,0x72,0x20,0x3d,0x20,0x66,0x6c,
    0x6f,0x61,0x74,0x34,0x28,0x62,0x74,0x65,0x78,0x2e,0x73,0x61,0x6d,0x70,0x6c,0x65,
    0x28,0x62,0x73,0x6d,0x70,0x2c,0x20,0x69,0x6e,0x2e,0x62,0x75,0x76,0x29,0x2e,0x78,
    0x79,0x7a,0x2c,0x20,0x31,0x2e,0x30,0x29,0x3b,0x0a,0x20,0x20,0x20,0x20,0x72,0x65,
    0x74,0x75,0x72,0x6e,0x20,0x6f,0x75,0x74,0x3b,0x0a,0x7d,0x0a,0x0a,0x00,
};
static inline const sg_shader_desc* blit_shader_desc(sg_backend backend) {
    if (backend == SG_BACKEND_GLCORE) {
        static sg_shader_desc desc;
        static bool valid;
        if (!valid) {
            valid = true;
            desc.vertex_func.source = (const char*)blit_vs_source_glsl410;
            desc.vertex_func.entry = "main";
            desc.fragment_func.source = (const char*)blit_fs_source_glsl410;
            desc.fragment_func.entry = "main";
            desc.attrs[0].base_type = SG_SHADERATTRBASETYPE_FLOAT;
            desc.attrs[0].glsl_name = "bpos";
            desc.uniform_blocks[0].stage = SG_SHADERSTAGE_VERTEX;
            desc.uniform_blocks[0].layout = SG_UNIFORMLAYOUT_STD140;
            desc.uniform_blocks[0].size = 16;
            desc.uniform_blocks[0].glsl_uniforms[0].type = SG_UNIFORMTYPE_FLOAT4;
            desc.uniform_blocks[0].glsl_uniforms[0].array_count = 1;
            desc.uniform_blocks[0].glsl_uniforms[0].glsl_name = "blit_params";
            desc.views[0].texture.stage = SG_SHADERSTAGE_FRAGMENT;
            desc.views[0].texture.image_type = SG_IMAGETYPE_2D;
            desc.views[0].texture.sample_type = SG_IMAGESAMPLETYPE_FLOAT;
            desc.views[0].texture.multisampled = false;
            desc.samplers[0].stage = SG_SHADERSTAGE_FRAGMENT;
            desc.samplers[0].sampler_type = SG_SAMPLERTYPE_FILTERING;
            desc.texture_sampler_pairs[0].stage = SG_SHADERSTAGE_FRAGMENT;
            desc.texture_sampler_pairs[0].view_slot = 0;
            desc.texture_sampler_pairs[0].sampler_slot = 0;
            desc.texture_sampler_pairs[0].glsl_name = "btex_bsmp";
            desc.label = "blit_shader";
        }
        return &desc;
    }
    if (backend == SG_BACKEND_GLES3) {
        static sg_shader_desc desc;
        static bool valid;
        if (!valid) {
            valid = true;
            desc.vertex_func.source = (const char*)blit_vs_source_glsl300es;
            desc.vertex_func.entry = "main";
            desc.fragment_func.source = (const char*)blit_fs_source_glsl300es;
            desc.fragment_func.entry = "main";
            desc.attrs[0].base_type = SG_SHADERATTRBASETYPE_FLOAT;
            desc.attrs[0].glsl_name = "bpos";
            desc.uniform_blocks[0].stage = SG_SHADERSTAGE_VERTEX;
            desc.uniform_blocks[0].layout = SG_UNIFORMLAYOUT_STD140;
            desc.uniform_blocks[0].size = 16;
            desc.uniform_blocks[0].glsl_uniforms[0].type = SG_UNIFORMTYPE_FLOAT4;
            desc.uniform_blocks[0].glsl_uniforms[0].array_count = 1;
            desc.uniform_blocks[0].glsl_uniforms[0].glsl_name = "blit_params";
            desc.views[0].texture.stage = SG_SHADERSTAGE_FRAGMENT;
            desc.views[0].texture.image_type = SG_IMAGETYPE_2D;
            desc.views[0].texture.sample_type = SG_IMAGESAMPLETYPE_FLOAT;
            desc.views[0].texture.multisampled = false;
            desc.samplers[0].stage = SG_SHADERSTAGE_FRAGMENT;
            desc.samplers[0].sampler_type = SG_SAMPLERTYPE_FILTERING;
            desc.texture_sampler_pairs[0].stage = SG_SHADERSTAGE_FRAGMENT;
            desc.texture_sampler_pairs[0].view_slot = 0;
            desc.texture_sampler_pairs[0].sampler_slot = 0;
            desc.texture_sampler_pairs[0].glsl_name = "btex_bsmp";
            desc.label = "blit_shader";
        }
        return &desc;
    }
    if (backend == SG_BACKEND_D3D11) {
        static sg_shader_desc desc;
        static bool valid;
        if (!valid) {
            valid = true;
            desc.vertex_func.source = (const char*)blit_vs_source_hlsl5;
            desc.vertex_func.d3d11_target = "vs_5_0";
            desc.vertex_func.entry = "main";
            desc.fragment_func.source = (const char*)blit_fs_source_hlsl5;
            desc.fragment_func.d3d11_target = "ps_5_0";
            desc.fragment_func.entry = "main";
            desc.attrs[0].base_type = SG_SHADERATTRBASETYPE_FLOAT;
            desc.attrs[0].hlsl_sem_name = "TEXCOORD";
            desc.attrs[0].hlsl_sem_index = 0;
            desc.uniform_blocks[0].stage = SG_SHADERSTAGE_VERTEX;
            desc.uniform_blocks[0].layout = SG_UNIFORMLAYOUT_STD140;
            desc.uniform_blocks[0].size = 16;
            desc.uniform_blocks[0].hlsl_register_b_n = 0;
            desc.views[0].texture.stage = SG_SHADERSTAGE_FRAGMENT;
            desc.views[0].texture.image_type = SG_IMAGETYPE_2D;
            desc.views[0].texture.sample_type = SG_IMAGESAMPLETYPE_FLOAT;
            desc.views[0].texture.multisampled = false;
            desc.views[0].texture.hlsl_register_t_n = 0;
            desc.samplers[0].stage = SG_SHADERSTAGE_FRAGMENT;
            desc.samplers[0].sampler_type = SG_SAMPLERTYPE_FILTERING;
            desc.samplers[0].hlsl_register_s_n = 0;
            desc.texture_sampler_pairs[0].stage = SG_SHADERSTAGE_FRAGMENT;
            desc.texture_sampler_pairs[0].view_slot = 0;
            desc.texture_sampler_pairs[0].sampler_slot = 0;
            desc.label = "blit_shader";
        }
        return &desc;
    }
    if (backend == SG_BACKEND_METAL_MACOS) {
        static sg_shader_desc desc;
        static bool valid;
        if (!valid) {
            valid = true;
            desc.vertex_func.source = (const char*)blit_vs_source_metal_macos;
            desc.vertex_func.entry = "main0";
            desc.fragment_func.source = (const char*)blit_fs_source_metal_macos;
            desc.fragment_func.entry = "main0";
            desc.attrs[0].base_type = SG_SHADERATTRBASETYPE_FLOAT;
            desc.uniform_blocks[0].stage = SG_SHADERSTAGE_VERTEX;
            desc.uniform_blocks[0].layout = SG_UNIFORMLAYOUT_STD140;
            desc.uniform_blocks[0].size = 16;
            desc.uniform_blocks[0].msl_buffer_n = 0;
            desc.views[0].texture.stage = SG_SHADERSTAGE_FRAGMENT;
            desc.views[0].texture.image_type = SG_IMAGETYPE_2D;
            desc.views[0].texture.sample_type = SG_IMAGESAMPLETYPE_FLOAT;
            desc.views[0].texture.multisampled = false;
            desc.views[0].texture.msl_texture_n = 0;
            desc.samplers[0].stage = SG_SHADERSTAGE_FRAGMENT;
            desc.samplers[0].sampler_type = SG_SAMPLERTYPE_FILTERING;
            desc.samplers[0].msl_sampler_n = 0;
            desc.texture_sampler_pairs[0].stage = SG_SHADERSTAGE_FRAGMENT;
            desc.texture_sampler_pairs[0].view_slot = 0;
            desc.texture_sampler_pairs[0].sampler_slot = 0;
            desc.label = "blit_shader";
        }
        return &desc;
    }
    if (backend == SG_BACKEND_METAL_IOS) {
        static sg_shader_desc desc;
        static bool valid;
        if (!valid) {
            valid = true;
            desc.vertex_func.source = (const char*)blit_vs_source_metal_ios;
            desc.vertex_func.entry = "main0";
            desc.fragment_func.source = (const char*)blit_fs_source_metal_ios;
            desc.fragment_func.entry = "main0";
            desc.attrs[0].base_type = SG_SHADERATTRBASETYPE_FLOAT;
            desc.uniform_blocks[0].stage = SG_SHADERSTAGE_VERTEX;
            desc.uniform_blocks[0].layout = SG_UNIFORMLAYOUT_STD140;
            desc.uniform_blocks[0].size = 16;
            desc.uniform_blocks[0].msl_buffer_n = 0;
            desc.views[0].texture.stage = SG_SHADERSTAGE_FRAGMENT;
            desc.views[0].texture.image_type = SG_IMAGETYPE_2D;
            desc.views[0].texture.sample_type = SG_IMAGESAMPLETYPE_FLOAT;
            desc.views[0].texture.multisampled = false;
            desc.views[0].texture.msl_texture_n = 0;
            desc.samplers[0].stage = SG_SHADERSTAGE_FRAGMENT;
            desc.samplers[0].sampler_type = SG_SAMPLERTYPE_FILTERING;
            desc.samplers[0].msl_sampler_n = 0;
            desc.texture_sampler_pairs[0].stage = SG_SHADERSTAGE_FRAGMENT;
            desc.texture_sampler_pairs[0].view_slot = 0;
            desc.texture_sampler_pairs[0].sampler_slot = 0;
            desc.label = "blit_shader";
        }
        return &desc;
    }
    if (backend == SG_BACKEND_METAL_SIMULATOR) {
        static sg_shader_desc desc;
        static bool valid;
        if (!valid) {
            valid = true;
            desc.vertex_func.source = (const char*)blit_vs_source_metal_sim;
            desc.vertex_func.entry = "main0";
            desc.fragment_func.source = (const char*)blit_fs_source_metal_sim;
            desc.fragment_func.entry = "main0";
            desc.attrs[0].base_type = SG_SHADERATTRBASETYPE_FLOAT;
            desc.uniform_blocks[0].stage = SG_SHADERSTAGE_VERTEX;
            desc.uniform_blocks[0].layout = SG_UNIFORMLAYOUT_STD140;
            desc.uniform_blocks[0].size = 16;
            desc.uniform_blocks[0].msl_buffer_n = 0;
            desc.views[0].texture.stage = SG_SHADERSTAGE_FRAGMENT;
            desc.views[0].texture.image_type = SG_IMAGETYPE_2D;
            desc.views[0].texture.sample_type = SG_IMAGESAMPLETYPE_FLOAT;
            desc.views[0].texture.multisampled = false;
            desc.views[0].texture.msl_texture_n = 0;
            desc.samplers[0].stage = SG_SHADERSTAGE_FRAGMENT;
            desc.samplers[0].sampler_type = SG_SAMPLERTYPE_FILTERING;
            desc.samplers[0].msl_sampler_n = 0;
            desc.texture_sampler_pairs[0].stage = SG_SHADERSTAGE_FRAGMENT;
            desc.texture_sampler_pairs[0].view_slot = 0;
            desc.texture_sampler_pairs[0].sampler_slot = 0;
            desc.label = "blit_shader";
        }
        return &desc;
    }
    return 0;
}
static inline const sg_shader_desc* ps1_shader_desc(sg_backend backend) {
    if (backend == SG_BACKEND_GLCORE) {
        static sg_shader_desc desc;
        static bool valid;
        if (!valid) {
            valid = true;
            desc.vertex_func.source = (const char*)vs_source_glsl410;
            desc.vertex_func.entry = "main";
            desc.fragment_func.source = (const char*)fs_source_glsl410;
            desc.fragment_func.entry = "main";
            desc.attrs[0].base_type = SG_SHADERATTRBASETYPE_FLOAT;
            desc.attrs[0].glsl_name = "pos";
            desc.attrs[1].base_type = SG_SHADERATTRBASETYPE_FLOAT;
            desc.attrs[1].glsl_name = "nrm";
            desc.attrs[2].base_type = SG_SHADERATTRBASETYPE_FLOAT;
            desc.attrs[2].glsl_name = "texcoord0";
            desc.uniform_blocks[0].stage = SG_SHADERSTAGE_VERTEX;
            desc.uniform_blocks[0].layout = SG_UNIFORMLAYOUT_STD140;
            desc.uniform_blocks[0].size = 192;
            desc.uniform_blocks[0].glsl_uniforms[0].type = SG_UNIFORMTYPE_FLOAT4;
            desc.uniform_blocks[0].glsl_uniforms[0].array_count = 12;
            desc.uniform_blocks[0].glsl_uniforms[0].glsl_name = "vs_params";
            desc.uniform_blocks[1].stage = SG_SHADERSTAGE_FRAGMENT;
            desc.uniform_blocks[1].layout = SG_UNIFORMLAYOUT_STD140;
            desc.uniform_blocks[1].size = 16;
            desc.uniform_blocks[1].glsl_uniforms[0].type = SG_UNIFORMTYPE_FLOAT4;
            desc.uniform_blocks[1].glsl_uniforms[0].array_count = 1;
            desc.uniform_blocks[1].glsl_uniforms[0].glsl_name = "fs_params";
            desc.views[0].texture.stage = SG_SHADERSTAGE_FRAGMENT;
            desc.views[0].texture.image_type = SG_IMAGETYPE_2D;
            desc.views[0].texture.sample_type = SG_IMAGESAMPLETYPE_FLOAT;
            desc.views[0].texture.multisampled = false;
            desc.samplers[0].stage = SG_SHADERSTAGE_FRAGMENT;
            desc.samplers[0].sampler_type = SG_SAMPLERTYPE_FILTERING;
            desc.texture_sampler_pairs[0].stage = SG_SHADERSTAGE_FRAGMENT;
            desc.texture_sampler_pairs[0].view_slot = 0;
            desc.texture_sampler_pairs[0].sampler_slot = 0;
            desc.texture_sampler_pairs[0].glsl_name = "tex_smp";
            desc.label = "ps1_shader";
        }
        return &desc;
    }
    if (backend == SG_BACKEND_GLES3) {
        static sg_shader_desc desc;
        static bool valid;
        if (!valid) {
            valid = true;
            desc.vertex_func.source = (const char*)vs_source_glsl300es;
            desc.vertex_func.entry = "main";
            desc.fragment_func.source = (const char*)fs_source_glsl300es;
            desc.fragment_func.entry = "main";
            desc.attrs[0].base_type = SG_SHADERATTRBASETYPE_FLOAT;
            desc.attrs[0].glsl_name = "pos";
            desc.attrs[1].base_type = SG_SHADERATTRBASETYPE_FLOAT;
            desc.attrs[1].glsl_name = "nrm";
            desc.attrs[2].base_type = SG_SHADERATTRBASETYPE_FLOAT;
            desc.attrs[2].glsl_name = "texcoord0";
            desc.uniform_blocks[0].stage = SG_SHADERSTAGE_VERTEX;
            desc.uniform_blocks[0].layout = SG_UNIFORMLAYOUT_STD140;
            desc.uniform_blocks[0].size = 192;
            desc.uniform_blocks[0].glsl_uniforms[0].type = SG_UNIFORMTYPE_FLOAT4;
            desc.uniform_blocks[0].glsl_uniforms[0].array_count = 12;
            desc.uniform_blocks[0].glsl_uniforms[0].glsl_name = "vs_params";
            desc.uniform_blocks[1].stage = SG_SHADERSTAGE_FRAGMENT;
            desc.uniform_blocks[1].layout = SG_UNIFORMLAYOUT_STD140;
            desc.uniform_blocks[1].size = 16;
            desc.uniform_blocks[1].glsl_uniforms[0].type = SG_UNIFORMTYPE_FLOAT4;
            desc.uniform_blocks[1].glsl_uniforms[0].array_count = 1;
            desc.uniform_blocks[1].glsl_uniforms[0].glsl_name = "fs_params";
            desc.views[0].texture.stage = SG_SHADERSTAGE_FRAGMENT;
            desc.views[0].texture.image_type = SG_IMAGETYPE_2D;
            desc.views[0].texture.sample_type = SG_IMAGESAMPLETYPE_FLOAT;
            desc.views[0].texture.multisampled = false;
            desc.samplers[0].stage = SG_SHADERSTAGE_FRAGMENT;
            desc.samplers[0].sampler_type = SG_SAMPLERTYPE_FILTERING;
            desc.texture_sampler_pairs[0].stage = SG_SHADERSTAGE_FRAGMENT;
            desc.texture_sampler_pairs[0].view_slot = 0;
            desc.texture_sampler_pairs[0].sampler_slot = 0;
            desc.texture_sampler_pairs[0].glsl_name = "tex_smp";
            desc.label = "ps1_shader";
        }
        return &desc;
    }
    if (backend == SG_BACKEND_D3D11) {
        static sg_shader_desc desc;
        static bool valid;
        if (!valid) {
            valid = true;
            desc.vertex_func.source = (const char*)vs_source_hlsl5;
            desc.vertex_func.d3d11_target = "vs_5_0";
            desc.vertex_func.entry = "main";
            desc.fragment_func.source = (const char*)fs_source_hlsl5;
            desc.fragment_func.d3d11_target = "ps_5_0";
            desc.fragment_func.entry = "main";
            desc.attrs[0].base_type = SG_SHADERATTRBASETYPE_FLOAT;
            desc.attrs[0].hlsl_sem_name = "TEXCOORD";
            desc.attrs[0].hlsl_sem_index = 0;
            desc.attrs[1].base_type = SG_SHADERATTRBASETYPE_FLOAT;
            desc.attrs[1].hlsl_sem_name = "TEXCOORD";
            desc.attrs[1].hlsl_sem_index = 1;
            desc.attrs[2].base_type = SG_SHADERATTRBASETYPE_FLOAT;
            desc.attrs[2].hlsl_sem_name = "TEXCOORD";
            desc.attrs[2].hlsl_sem_index = 2;
            desc.uniform_blocks[0].stage = SG_SHADERSTAGE_VERTEX;
            desc.uniform_blocks[0].layout = SG_UNIFORMLAYOUT_STD140;
            desc.uniform_blocks[0].size = 192;
            desc.uniform_blocks[0].hlsl_register_b_n = 0;
            desc.uniform_blocks[1].stage = SG_SHADERSTAGE_FRAGMENT;
            desc.uniform_blocks[1].layout = SG_UNIFORMLAYOUT_STD140;
            desc.uniform_blocks[1].size = 16;
            desc.uniform_blocks[1].hlsl_register_b_n = 1;
            desc.views[0].texture.stage = SG_SHADERSTAGE_FRAGMENT;
            desc.views[0].texture.image_type = SG_IMAGETYPE_2D;
            desc.views[0].texture.sample_type = SG_IMAGESAMPLETYPE_FLOAT;
            desc.views[0].texture.multisampled = false;
            desc.views[0].texture.hlsl_register_t_n = 0;
            desc.samplers[0].stage = SG_SHADERSTAGE_FRAGMENT;
            desc.samplers[0].sampler_type = SG_SAMPLERTYPE_FILTERING;
            desc.samplers[0].hlsl_register_s_n = 0;
            desc.texture_sampler_pairs[0].stage = SG_SHADERSTAGE_FRAGMENT;
            desc.texture_sampler_pairs[0].view_slot = 0;
            desc.texture_sampler_pairs[0].sampler_slot = 0;
            desc.label = "ps1_shader";
        }
        return &desc;
    }
    if (backend == SG_BACKEND_METAL_MACOS) {
        static sg_shader_desc desc;
        static bool valid;
        if (!valid) {
            valid = true;
            desc.vertex_func.source = (const char*)vs_source_metal_macos;
            desc.vertex_func.entry = "main0";
            desc.fragment_func.source = (const char*)fs_source_metal_macos;
            desc.fragment_func.entry = "main0";
            desc.attrs[0].base_type = SG_SHADERATTRBASETYPE_FLOAT;
            desc.attrs[1].base_type = SG_SHADERATTRBASETYPE_FLOAT;
            desc.attrs[2].base_type = SG_SHADERATTRBASETYPE_FLOAT;
            desc.uniform_blocks[0].stage = SG_SHADERSTAGE_VERTEX;
            desc.uniform_blocks[0].layout = SG_UNIFORMLAYOUT_STD140;
            desc.uniform_blocks[0].size = 192;
            desc.uniform_blocks[0].msl_buffer_n = 0;
            desc.uniform_blocks[1].stage = SG_SHADERSTAGE_FRAGMENT;
            desc.uniform_blocks[1].layout = SG_UNIFORMLAYOUT_STD140;
            desc.uniform_blocks[1].size = 16;
            desc.uniform_blocks[1].msl_buffer_n = 1;
            desc.views[0].texture.stage = SG_SHADERSTAGE_FRAGMENT;
            desc.views[0].texture.image_type = SG_IMAGETYPE_2D;
            desc.views[0].texture.sample_type = SG_IMAGESAMPLETYPE_FLOAT;
            desc.views[0].texture.multisampled = false;
            desc.views[0].texture.msl_texture_n = 0;
            desc.samplers[0].stage = SG_SHADERSTAGE_FRAGMENT;
            desc.samplers[0].sampler_type = SG_SAMPLERTYPE_FILTERING;
            desc.samplers[0].msl_sampler_n = 0;
            desc.texture_sampler_pairs[0].stage = SG_SHADERSTAGE_FRAGMENT;
            desc.texture_sampler_pairs[0].view_slot = 0;
            desc.texture_sampler_pairs[0].sampler_slot = 0;
            desc.label = "ps1_shader";
        }
        return &desc;
    }
    if (backend == SG_BACKEND_METAL_IOS) {
        static sg_shader_desc desc;
        static bool valid;
        if (!valid) {
            valid = true;
            desc.vertex_func.source = (const char*)vs_source_metal_ios;
            desc.vertex_func.entry = "main0";
            desc.fragment_func.source = (const char*)fs_source_metal_ios;
            desc.fragment_func.entry = "main0";
            desc.attrs[0].base_type = SG_SHADERATTRBASETYPE_FLOAT;
            desc.attrs[1].base_type = SG_SHADERATTRBASETYPE_FLOAT;
            desc.attrs[2].base_type = SG_SHADERATTRBASETYPE_FLOAT;
            desc.uniform_blocks[0].stage = SG_SHADERSTAGE_VERTEX;
            desc.uniform_blocks[0].layout = SG_UNIFORMLAYOUT_STD140;
            desc.uniform_blocks[0].size = 192;
            desc.uniform_blocks[0].msl_buffer_n = 0;
            desc.uniform_blocks[1].stage = SG_SHADERSTAGE_FRAGMENT;
            desc.uniform_blocks[1].layout = SG_UNIFORMLAYOUT_STD140;
            desc.uniform_blocks[1].size = 16;
            desc.uniform_blocks[1].msl_buffer_n = 1;
            desc.views[0].texture.stage = SG_SHADERSTAGE_FRAGMENT;
            desc.views[0].texture.image_type = SG_IMAGETYPE_2D;
            desc.views[0].texture.sample_type = SG_IMAGESAMPLETYPE_FLOAT;
            desc.views[0].texture.multisampled = false;
            desc.views[0].texture.msl_texture_n = 0;
            desc.samplers[0].stage = SG_SHADERSTAGE_FRAGMENT;
            desc.samplers[0].sampler_type = SG_SAMPLERTYPE_FILTERING;
            desc.samplers[0].msl_sampler_n = 0;
            desc.texture_sampler_pairs[0].stage = SG_SHADERSTAGE_FRAGMENT;
            desc.texture_sampler_pairs[0].view_slot = 0;
            desc.texture_sampler_pairs[0].sampler_slot = 0;
            desc.label = "ps1_shader";
        }
        return &desc;
    }
    if (backend == SG_BACKEND_METAL_SIMULATOR) {
        static sg_shader_desc desc;
        static bool valid;
        if (!valid) {
            valid = true;
            desc.vertex_func.source = (const char*)vs_source_metal_sim;
            desc.vertex_func.entry = "main0";
            desc.fragment_func.source = (const char*)fs_source_metal_sim;
            desc.fragment_func.entry = "main0";
            desc.attrs[0].base_type = SG_SHADERATTRBASETYPE_FLOAT;
            desc.attrs[1].base_type = SG_SHADERATTRBASETYPE_FLOAT;
            desc.attrs[2].base_type = SG_SHADERATTRBASETYPE_FLOAT;
            desc.uniform_blocks[0].stage = SG_SHADERSTAGE_VERTEX;
            desc.uniform_blocks[0].layout = SG_UNIFORMLAYOUT_STD140;
            desc.uniform_blocks[0].size = 192;
            desc.uniform_blocks[0].msl_buffer_n = 0;
            desc.uniform_blocks[1].stage = SG_SHADERSTAGE_FRAGMENT;
            desc.uniform_blocks[1].layout = SG_UNIFORMLAYOUT_STD140;
            desc.uniform_blocks[1].size = 16;
            desc.uniform_blocks[1].msl_buffer_n = 1;
            desc.views[0].texture.stage = SG_SHADERSTAGE_FRAGMENT;
            desc.views[0].texture.image_type = SG_IMAGETYPE_2D;
            desc.views[0].texture.sample_type = SG_IMAGESAMPLETYPE_FLOAT;
            desc.views[0].texture.multisampled = false;
            desc.views[0].texture.msl_texture_n = 0;
            desc.samplers[0].stage = SG_SHADERSTAGE_FRAGMENT;
            desc.samplers[0].sampler_type = SG_SAMPLERTYPE_FILTERING;
            desc.samplers[0].msl_sampler_n = 0;
            desc.texture_sampler_pairs[0].stage = SG_SHADERSTAGE_FRAGMENT;
            desc.texture_sampler_pairs[0].view_slot = 0;
            desc.texture_sampler_pairs[0].sampler_slot = 0;
            desc.label = "ps1_shader";
        }
        return &desc;
    }
    return 0;
}
